CustomerID,TotalSpent,PurchaseFrequency,KMeansCluster,HierarchicalCluster
12346.0,0.0,2,0,1
12347.0,4310.0,7,0,1
12348.0,1797.24,4,0,1
12349.0,1757.55,1,0,1
12350.0,334.4,1,0,1
12352.0,1545.41,11,0,1
12353.0,89.0,1,0,1
12354.0,1079.4,1,0,1
12355.0,459.4,1,0,1
12356.0,2811.43,3,0,1
12357.0,6207.67,1,0,1
12358.0,1168.06,2,0,1
12359.0,6245.53,6,0,1
12360.0,2662.06,3,0,1
12361.0,189.9,1,0,1
12362.0,5154.58,13,2,1
12363.0,552.0,2,0,1
12364.0,1313.1,4,0,1
12365.0,320.69,3,0,1
12367.0,168.9,1,0,1
12370.0,3545.69,4,0,1
12371.0,1887.96,2,0,1
12372.0,1298.04,3,0,1
12373.0,364.6,1,0,1
12374.0,742.9300000000001,1,0,1
12375.0,455.42,3,0,1
12377.0,1628.12,2,0,1
12378.0,4008.62,1,0,1
12379.0,850.29,3,0,1
12380.0,2720.56,5,0,1
12381.0,1803.96,6,0,1
12383.0,1839.31,6,0,1
12384.0,566.16,3,0,1
12386.0,401.9,2,0,1
12388.0,2780.66,6,0,1
12390.0,549.84,1,0,1
12391.0,460.89,1,0,1
12393.0,1582.6000000000001,4,0,1
12394.0,1272.48,2,0,1
12395.0,2998.28,15,2,3
12397.0,2409.9,2,0,1
12398.0,1635.6599999999999,1,0,1
12399.0,1108.65,4,0,1
12401.0,84.3,1,0,1
12402.0,225.6,1,0,1
12403.0,409.7,2,0,1
12405.0,1710.39,1,0,1
12406.0,3280.75,3,0,1
12407.0,1708.1200000000001,5,0,1
12408.0,2842.57,9,0,1
12409.0,11056.93,7,0,3
12410.0,681.0799999999999,3,0,1
12412.0,1226.88,3,0,1
12413.0,694.15,5,0,1
12414.0,562.41,3,0,1
12415.0,123725.45,26,1,0
12417.0,3578.8,12,0,1
12418.0,668.58,1,0,1
12420.0,600.39,1,0,1
12421.0,806.27,5,0,1
12422.0,803.5600000000001,3,0,1
12423.0,1849.11,9,0,1
12424.0,1760.96,2,0,1
12425.0,777.2,1,0,1
12426.0,582.73,1,0,1
12427.0,708.37,5,0,1
12428.0,7877.2,12,2,1
12429.0,3750.4,4,0,1
12430.0,256.4,1,0,1
12431.0,6416.39,18,2,3
12432.0,5059.32,5,0,1
12433.0,13375.87,7,0,3
12434.0,765.19,4,0,1
12435.0,7829.89,2,0,1
12436.0,509.01,1,0,1
12437.0,4896.66,19,2,3
12438.0,2906.85,2,0,1
12441.0,173.55,1,0,1
12442.0,172.06,1,0,1
12444.0,5005.46,5,0,1
12445.0,133.4,1,0,1
12446.0,1002.3100000000001,1,0,1
12447.0,476.49,1,0,1
12448.0,449.45,1,0,1
12449.0,4067.29,4,0,1
12450.0,197.88,2,0,1
12451.0,8933.52,6,0,1
12452.0,428.57,3,0,1
12453.0,707.09,1,0,1
12454.0,5.684341886080802e-14,2,0,1
12455.0,2466.86,6,0,1
12456.0,3153.89,4,0,1
12457.0,1917.78,12,0,1
12458.0,947.4,2,0,1
12461.0,826.88,2,0,1
12462.0,1124.01,4,0,1
12463.0,1303.63,7,0,1
12464.0,1212.05,8,0,1
12465.0,733.89,3,0,1
12468.0,724.0400000000001,3,0,1
12471.0,18740.92,49,2,3
12472.0,6229.48,13,2,1
12473.0,2848.23,9,0,1
12474.0,7116.47,30,2,3
12475.0,723.38,1,0,1
12476.0,6546.58,20,2,3
12477.0,13117.01,9,2,3
12478.0,680.99,1,0,1
12479.0,477.3,3,0,1
12480.0,3281.63,4,0,1
12481.0,5590.86,11,0,1
12483.0,2327.13,13,2,1
12484.0,4495.27,8,0,1
12488.0,1298.66,3,0,1
12489.0,334.93,1,0,1
12490.0,5417.93,10,0,1
12491.0,460.40000000000003,1,0,1
12492.0,263.21000000000004,2,0,1
12493.0,416.79,3,0,1
12494.0,1139.3500000000001,13,0,1
12497.0,1043.1,1,0,1
12498.0,403.70000000000005,3,0,1
12500.0,4206.27,13,2,1
12501.0,2089.68,2,0,1
12502.0,3723.87,5,0,1
12503.0,-1126.0,1,0,1
12504.0,114.0,4,0,1
12505.0,-4.5,1,0,1
12506.0,73.5,1,0,1
12507.0,1258.06,4,0,1
12508.0,398.27,2,0,1
12509.0,176.5,1,0,1
12510.0,982.5699999999999,2,0,1
12512.0,138.03,2,0,1
12513.0,586.79,2,0,1
12514.0,1017.68,1,0,1
12515.0,383.7,1,0,1
12516.0,1312.06,2,0,1
12517.0,2464.89,6,0,1
12518.0,2056.89,5,0,1
12519.0,340.84,1,0,1
12520.0,2582.51,6,0,1
12521.0,599.68,1,0,1
12522.0,192.72,2,0,1
12523.0,1745.57,13,0,1
12524.0,4485.72,8,0,1
12526.0,1316.66,3,0,1
12527.0,348.71000000000004,3,0,1
12528.0,1922.28,8,0,1
12530.0,1623.63,5,0,1
12531.0,125.22,1,0,1
12532.0,349.83000000000004,1,0,1
12534.0,1089.18,1,0,1
12535.0,716.35,2,0,1
12536.0,4106.82,5,0,1
12538.0,363.95,1,0,1
12539.0,3852.5,5,0,1
12540.0,13309.039999999999,19,2,3
12541.0,981.18,3,0,1
12544.0,355.7,2,0,1
12545.0,1000.39,2,0,1
12546.0,1141.5,3,0,1
12547.0,207.79999999999998,2,0,1
12548.0,95.19999999999999,1,0,1
12550.0,964.83,1,0,1
12551.0,168.0,1,0,1
12552.0,437.82,2,0,1
12553.0,3652.25,14,2,1
12556.0,603.71,2,0,1
12557.0,11990.960000000001,5,0,3
12558.0,1.0658141036401503e-14,2,0,1
12559.0,536.21,3,0,1
12560.0,2101.39,4,0,1
12561.0,238.85,1,0,1
12562.0,3781.7400000000002,7,0,1
12564.0,456.9,1,0,1
12565.0,131.17,2,0,1
12566.0,346.7,2,0,1
12567.0,9114.94,11,2,3
12569.0,4064.9900000000002,35,2,3
12571.0,519.61,2,0,1
12572.0,1004.72,3,0,1
12573.0,160.54000000000002,1,0,1
12574.0,218.45,1,0,1
12576.0,1306.98,6,0,1
12577.0,595.4,4,0,1
12578.0,2753.36,4,0,1
12579.0,410.72,3,0,1
12580.0,415.7,1,0,1
12581.0,197.71,1,0,1
12582.0,511.36,2,0,1
12583.0,7187.34,18,2,3
12584.0,1893.95,18,2,3
12585.0,1982.81,4,0,1
12586.0,179.94000000000003,2,0,1
12587.0,144.0,1,0,1
12588.0,214.89999999999998,1,0,1
12589.0,646.68,2,0,1
12590.0,9861.38,3,0,3
12591.0,452.84999999999997,1,0,1
12592.0,437.6,2,0,1
12593.0,418.09999999999997,3,0,1
12594.0,3320.2200000000003,11,0,1
12596.0,618.27,2,0,1
12597.0,3683.13,5,0,1
12598.0,3002.68,9,0,1
12599.0,1032.58,7,0,1
12600.0,2581.04,11,0,1
12601.0,569.5600000000001,6,0,1
12602.0,153.12,1,0,1
12603.0,739.1999999999999,1,0,1
12604.0,254.18,2,0,1
12605.0,-7.5,1,0,1
12607.0,3.552713678800501e-15,2,0,1
12609.0,1126.85,3,0,1
12610.0,2057.99,7,0,1
12611.0,1193.32,1,0,1
12612.0,643.59,2,0,1
12613.0,3218.98,6,0,1
12614.0,315.6,1,0,1
12615.0,2291.19,4,0,1
12616.0,657.25,5,0,1
12617.0,355.53,1,0,1
12618.0,177.31,1,0,1
12619.0,3214.81,13,2,1
12620.0,1339.41,3,0,1
12621.0,13612.07,23,2,3
12622.0,180.1,1,0,1
12623.0,305.1,1,0,1
12624.0,641.13,2,0,1
12625.0,2614.32,3,0,1
12626.0,6388.35,13,2,1
12627.0,4478.53,7,0,1
12628.0,769.61,4,0,1
12630.0,1270.88,2,0,1
12631.0,640.5,1,0,1
12633.0,2140.63,5,0,1
12635.0,1689.18,2,0,1
12637.0,5953.25,10,0,1
12638.0,671.69,1,0,1
12639.0,486.1,1,0,1
12640.0,1174.58,3,0,1
12641.0,185.9,1,0,1
12642.0,1013.26,3,0,1
12643.0,3344.64,6,0,1
12644.0,477.91,1,0,1
12645.0,1755.38,5,0,1
12646.0,1346.97,2,0,1
12647.0,3669.92,13,2,1
12648.0,318.05,1,0,1
12649.0,603.71,4,0,1
12650.0,314.44,1,0,1
12651.0,114.0,1,0,1
12652.0,914.53,2,0,1
12653.0,2209.85,2,0,1
12654.0,601.98,5,0,1
12656.0,3982.72,8,0,1
12657.0,1152.06,5,0,1
12658.0,686.05,1,0,1
12659.0,91.68,1,0,1
12660.0,245.1,1,0,1
12662.0,3817.08,12,0,1
12664.0,4863.88,10,0,1
12665.0,61.75,2,0,1
12666.0,-227.44,1,0,1
12667.0,620.13,1,0,1
12668.0,3743.18,6,0,1
12669.0,1607.73,4,0,1
12670.0,2986.15,6,0,1
12672.0,225.89999999999998,1,0,1
12673.0,610.52,2,0,1
12674.0,1919.31,7,0,1
12676.0,1331.39,6,0,1
12678.0,17588.26,13,2,3
12679.0,1058.67,9,0,1
12680.0,862.81,4,0,1
12681.0,13677.59,27,2,3
12682.0,12288.22,31,2,3
12683.0,8221.09,20,2,3
12684.0,2283.63,7,0,1
12685.0,2863.08,6,0,1
12686.0,89.14,1,0,1
12688.0,4873.8099999999995,1,0,1
12689.0,1247.61,2,0,1
12690.0,389.01,1,0,1
12691.0,1035.8,6,0,1
12693.0,830.96,6,0,1
12694.0,869.67,2,0,1
12695.0,582.1,4,0,1
12697.0,939.02,5,0,1
12700.0,4867.99,6,0,1
12701.0,797.71,2,0,1
12702.0,219.0,1,0,1
12703.0,274.7,2,0,1
12704.0,2220.84,10,0,1
12705.0,6814.24,14,2,1
12707.0,603.42,1,0,1
12708.0,2616.32,16,2,3
12709.0,9294.1,26,2,3
12710.0,1130.57,4,0,1
12712.0,4241.63,17,2,3
12713.0,848.55,1,0,1
12714.0,4708.86,5,0,1
12715.0,353.86,1,0,1
12716.0,1053.49,2,0,1
12717.0,980.98,3,0,1
12718.0,238.25,1,0,1
12719.0,608.1,3,0,1
12720.0,5713.28,29,2,3
12721.0,2628.98,7,0,1
12722.0,904.33,6,0,1
12723.0,725.07,5,0,1
12724.0,1031.41,4,0,1
12725.0,427.8,1,0,1
12726.0,2609.1,7,0,1
12727.0,3947.7,9,0,1
12728.0,836.33,4,0,1
12729.0,453.01,1,0,1
12731.0,18793.41,14,2,3
12732.0,236.26000000000002,1,0,1
12733.0,383.95,1,0,1
12734.0,110.39999999999999,1,0,1
12735.0,779.5699999999999,2,0,1
12736.0,234.0,1,0,1
12738.0,155.35,1,0,1
12739.0,1013.04,2,0,1
12740.0,427.6,1,0,1
12743.0,546.43,2,0,1
12744.0,9120.39,10,2,3
12747.0,4196.01,11,0,1
12748.0,29072.1,224,1,0
12749.0,3868.2,8,0,1
12750.0,275.88,1,0,1
12752.0,4366.78,1,0,1
12753.0,21024.01,11,2,3
12754.0,2949.12,5,0,1
12755.0,2203.2,4,0,1
12756.0,112.07999999999998,1,0,1
12757.0,4227.7,19,2,3
12758.0,2791.59,2,0,1
12759.0,1531.44,3,0,1
12762.0,1898.52,2,0,1
12763.0,494.08,2,0,1
12764.0,1693.88,1,0,1
12766.0,6989.63,7,0,1
12769.0,1143.6,1,0,1
12770.0,1351.45,1,0,1
12772.0,892.47,1,0,1
12775.0,1351.24,6,0,1
12778.0,804.23,7,0,1
12779.0,3868.7,12,0,1
12781.0,707.72,5,0,1
12782.0,2273.32,6,0,1
12783.0,1603.87,8,0,1
12784.0,574.42,2,0,1
12785.0,305.71,2,0,1
12787.0,463.66,3,0,1
12789.0,91.85,1,0,1
12790.0,324.92,1,0,1
12791.0,192.60000000000002,1,0,1
12792.0,400.53999999999996,1,0,1
12793.0,545.48,2,0,1
12794.0,860.41,2,0,1
12795.0,430.48,1,0,1
12797.0,194.18,3,0,1
12798.0,6977.04,3,0,1
12802.0,412.58,2,0,1
12808.0,483.65000000000003,3,0,1
12809.0,484.36,2,0,1
12811.0,514.85,3,0,1
12812.0,229.64000000000001,1,0,1
12814.0,125.92,1,0,1
12815.0,1063.46,2,0,1
12816.0,572.2,2,0,1
12817.0,166.04,1,0,1
12818.0,1517.88,2,0,1
12820.0,942.34,4,0,1
12821.0,92.72,1,0,1
12822.0,918.98,3,0,1
12823.0,1759.5,5,0,1
12824.0,397.12,1,0,1
12826.0,1468.1200000000001,8,0,1
12827.0,430.15000000000003,3,0,1
12828.0,1018.71,6,0,1
12829.0,253.05,3,0,1
12830.0,6748.4,7,0,1
12831.0,215.05,1,0,1
12832.0,383.03,2,0,1
12833.0,417.38,1,0,1
12834.0,312.38,1,0,1
12836.0,2612.86,4,0,1
12837.0,134.1,1,0,1
12838.0,683.13,2,0,1
12839.0,5583.62,16,2,3
12840.0,2714.27,6,0,1
12841.0,3876.4,26,2,3
12842.0,1118.99,2,0,1
12843.0,1680.76,9,0,1
12844.0,325.96000000000004,2,0,1
12845.0,354.09,4,0,1
12847.0,871.54,1,0,1
12849.0,1050.8899999999999,2,0,1
12851.0,135.18,1,0,1
12852.0,299.75,2,0,1
12853.0,1881.7,9,0,1
12854.0,1289.15,5,0,1
12855.0,38.1,1,0,1
12856.0,2162.68,8,0,1
12857.0,1106.4,2,0,1
12863.0,504.2,2,0,1
12864.0,147.12,1,0,1
12865.0,1548.07,3,0,1
12866.0,559.12,1,0,1
12867.0,3986.22,10,0,1
12868.0,1607.0600000000002,6,0,1
12870.0,-14.899999999999999,1,0,1
12871.0,380.64,2,0,1
12872.0,599.97,2,0,1
12873.0,374.0,1,0,1
12875.0,343.2300000000001,2,0,1
12876.0,2218.02,2,0,1
12877.0,1535.77,12,0,1
12878.0,841.64,3,0,1
12879.0,552.5699999999999,4,0,1
12881.0,298.0,1,0,1
12882.0,1463.04,2,0,1
12883.0,703.47,4,0,1
12884.0,309.05,1,0,1
12885.0,1158.27,4,0,1
12886.0,1351.09,3,0,1
12888.0,313.77,4,0,1
12890.0,380.46999999999997,1,0,1
12891.0,331.0,3,0,1
12893.0,188.14,1,0,1
12895.0,347.3,3,0,1
12897.0,216.5,2,0,1
12901.0,16293.1,36,2,3
12902.0,138.68,1,0,1
12904.0,509.58,2,0,1
12906.0,2919.81,5,0,1
12908.0,246.0,4,0,1
12909.0,2128.83,8,0,1
12910.0,3075.04,8,0,1
12912.0,1662.3,5,0,1
12913.0,2483.63,5,0,1
12915.0,363.65,2,0,1
12916.0,2982.35,5,0,1
12917.0,594.0,1,0,1
12919.0,1301.44,8,0,1
12920.0,164.23,1,0,1
12921.0,16389.74,50,2,3
12922.0,405.38,1,0,1
12923.0,176.97,1,0,1
12924.0,929.95,5,0,1
12925.0,694.05,2,0,1
12928.0,2062.7000000000003,5,0,1
12929.0,105.1,2,0,1
12930.0,409.9,4,0,1
12931.0,33462.81,20,2,3
12933.0,606.28,4,0,1
12935.0,2156.45,8,0,1
12936.0,1012.9,5,0,1
12937.0,1504.27,4,0,1
12938.0,114.14,1,0,1
12939.0,11581.8,8,0,3
12940.0,876.29,4,0,1
12942.0,683.9,3,0,1
12943.0,-3.75,1,0,1
12944.0,604.51,2,0,1
12945.0,462.95,1,0,1
12947.0,1407.29,11,0,1
12948.0,2053.7,8,0,1
12949.0,4143.02,10,0,1
12950.0,1843.0,3,0,1
12951.0,1042.07,8,0,1
12952.0,1382.8400000000001,5,0,1
12953.0,329.85,1,0,1
12955.0,4734.26,14,2,1
12956.0,108.07,1,0,1
12957.0,3979.04,12,0,1
12962.0,266.39,2,0,1
12963.0,1841.03,9,0,1
12965.0,771.91,1,0,1
12966.0,160.18,1,0,1
12967.0,1194.75,4,0,1
12968.0,135.95,1,0,1
12970.0,452.24,4,0,1
12971.0,10930.26,89,1,0
12974.0,144.8,1,0,1
12976.0,738.6,1,0,1
12977.0,39.239999999999995,1,0,1
12980.0,7092.06,12,2,1
12981.0,372.21999999999997,2,0,1
12982.0,377.2,2,0,1
12984.0,97.5,1,0,1
12985.0,1215.6200000000001,3,0,1
12987.0,545.0,3,0,1
12988.0,535.32,1,0,1
12989.0,6854.51,19,2,3
12990.0,409.5,3,0,1
12991.0,503.76,2,0,1
12993.0,414.76,4,0,1
12994.0,902.22,5,0,1
12995.0,200.72,2,0,1
12997.0,1197.94,7,0,1
12999.0,455.88,3,0,1
13000.0,534.85,3,0,1
13001.0,9797.92,15,2,3
13002.0,120.94999999999999,1,0,1
13003.0,149.05,3,0,1
13004.0,5613.43,22,2,3
13005.0,468.95,3,0,1
13006.0,81.57,1,0,1
13008.0,178.46999999999997,2,0,1
13011.0,50.550000000000004,1,0,1
13012.0,1311.6200000000001,11,0,1
13013.0,4786.99,15,2,3
13014.0,3365.43,16,2,3
13015.0,3346.28,5,0,1
13016.0,789.89,3,0,1
13017.0,204.0,1,0,1
13018.0,7272.75,29,2,3
13021.0,2584.4,12,0,1
13023.0,689.9,2,0,1
13026.0,936.15,8,0,1
13027.0,6912.0,6,0,1
13028.0,659.68,3,0,1
13029.0,1247.5,3,0,1
13030.0,799.48,2,0,1
13032.0,996.52,3,0,1
13033.0,190.55,1,0,1
13034.0,642.77,2,0,1
13035.0,886.63,3,0,1
13037.0,881.07,3,0,1
13038.0,908.46,3,0,1
13040.0,676.99,2,0,1
13043.0,471.57,2,0,1
13044.0,560.47,1,0,1
13045.0,305.28000000000003,1,0,1
13046.0,629.31,2,0,1
13047.0,3079.1,18,2,3
13048.0,1805.91,5,0,1
13049.0,656.6800000000001,2,0,1
13050.0,5684.61,28,2,3
13052.0,348.15000000000003,1,0,1
13055.0,1201.96,4,0,1
13058.0,271.40000000000003,3,0,1
13059.0,183.4,1,0,1
13060.0,307.53,1,0,1
13061.0,248.61,1,0,1
13062.0,346.98,1,0,1
13064.0,1119.49,4,0,1
13065.0,205.86,1,0,1
13066.0,430.9,3,0,1
13067.0,115.46000000000001,1,0,1
13068.0,344.0,2,0,1
13069.0,3717.82,27,2,3
13070.0,228.8,1,0,1
13072.0,177.15,1,0,1
13075.0,919.61,1,0,1
13077.0,729.27,4,0,1
13078.0,12432.28,43,2,3
13079.0,220.10000000000002,5,0,1
13080.0,58.08,1,0,1
13081.0,27964.48,21,2,3
13082.0,3595.48,10,0,1
13083.0,303.75,2,0,1
13085.0,272.38,3,0,1
13089.0,57385.88,118,1,0
13090.0,8689.39,18,2,3
13091.0,319.82,2,0,1
13092.0,459.83,6,0,1
13093.0,7741.47,13,2,1
13094.0,1708.8600000000001,16,2,3
13095.0,74.39999999999999,1,0,1
13097.0,5893.32,14,2,1
13098.0,28658.88,41,2,3
13099.0,207.35999999999999,1,0,1
13101.0,101.19,1,0,1
13102.0,6336.29,27,2,3
13103.0,243.94,1,0,1
13104.0,1098.48,6,0,1
13106.0,59.5,2,0,1
13107.0,1524.07,5,0,1
13108.0,350.06,1,0,1
13109.0,766.84,5,0,1
13110.0,1452.8700000000001,8,0,1
13113.0,10510.0,40,2,3
13115.0,2205.63,14,2,1
13116.0,485.19,2,0,1
13117.0,984.91,8,0,1
13118.0,1125.0,7,0,1
13120.0,30.599999999999998,1,0,1
13121.0,254.73,2,0,1
13122.0,922.39,2,0,1
13124.0,3866.33,3,0,1
13126.0,2056.29,10,0,1
13127.0,259.17,1,0,1
13130.0,64.0,1,0,1
13131.0,1039.3,4,0,1
13132.0,77.3,1,0,1
13133.0,109.8,2,0,1
13134.0,1740.63,7,0,1
13135.0,3096.0,1,0,1
13136.0,2545.38,11,0,1
13137.0,3605.08,9,0,1
13138.0,962.39,6,0,1
13139.0,5055.79,8,0,1
13140.0,423.72,3,0,1
13141.0,2385.8,6,0,1
13142.0,307.09,1,0,1
13144.0,110.95,1,0,1
13145.0,614.77,5,0,1
13146.0,228.91,1,0,1
13147.0,712.8000000000001,4,0,1
13148.0,3348.48,17,2,3
13149.0,1676.06,4,0,1
13151.0,1250.3700000000001,2,0,1
13153.0,486.22,1,0,1
13154.0,-611.86,1,0,1
13155.0,971.76,4,0,1
13157.0,1721.57,5,0,1
13158.0,1201.06,4,0,1
13159.0,1379.75,5,0,1
13160.0,91.8,1,0,1
13161.0,112.75,1,0,1
13162.0,1644.99,5,0,1
13165.0,1021.48,2,0,1
13166.0,414.7,2,0,1
13167.0,791.33,4,0,1
13168.0,1310.14,5,0,1
13169.0,712.88,2,0,1
13170.0,116.00999999999999,1,0,1
13171.0,426.81,5,0,1
13173.0,353.65,2,0,1
13174.0,2817.03,3,0,1
13176.0,492.84,1,0,1
13177.0,282.45,1,0,1
13178.0,5725.47,11,0,1
13182.0,121.18,1,0,1
13183.0,3957.78,9,0,1
13184.0,1648.79,12,0,1
13185.0,71.4,1,0,1
13186.0,1539.69,5,0,1
13187.0,236.02,1,0,1
13188.0,114.60000000000001,1,0,1
13189.0,260.68,2,0,1
13192.0,911.94,2,0,1
13193.0,117.88,1,0,1
13194.0,60.7,1,0,1
13196.0,1797.78,4,0,1
13198.0,3384.09,8,0,1
13199.0,9803.96,39,2,3
13200.0,870.09,4,0,1
13203.0,869.46,4,0,1
13207.0,250.26000000000002,2,0,1
13208.0,1205.9,7,0,1
13209.0,5820.16,11,0,1
13210.0,353.48,1,0,1
13211.0,1197.42,3,0,1
13212.0,780.58,4,0,1
13213.0,1518.43,6,0,1
13216.0,333.74,1,0,1
13217.0,133.62,5,0,1
13218.0,62.63999999999999,1,0,1
13220.0,819.2900000000001,4,0,1
13221.0,847.41,2,0,1
13223.0,163.20000000000002,2,0,1
13224.0,2150.85,3,0,1
13225.0,6083.04,8,0,1
13226.0,108.21000000000001,1,0,1
13227.0,257.7,1,0,1
13228.0,358.0,1,0,1
13229.0,160.95,1,0,1
13230.0,2763.41,15,2,3
13232.0,1357.6,7,0,1
13233.0,605.12,2,0,1
13235.0,101.17000000000007,2,0,1
13236.0,727.27,3,0,1
13238.0,680.83,5,0,1
13239.0,329.56,1,0,1
13240.0,663.65,4,0,1
13242.0,270.40000000000003,3,0,1
13243.0,600.07,1,0,1
13244.0,121.74000000000001,1,0,1
13245.0,430.5,1,0,1
13246.0,1922.1,7,0,1
13247.0,501.12,4,0,1
13248.0,465.68,2,0,1
13249.0,711.41,3,0,1
13253.0,1030.4,2,0,1
13255.0,390.66,3,0,1
13256.0,0.0,1,0,1
13258.0,698.58,3,0,1
13259.0,292.32,1,0,1
13260.0,557.62,1,0,1
13261.0,944.1,2,0,1
13262.0,200.29,1,0,1
13263.0,7454.07,35,2,3
13265.0,2107.66,5,0,1
13266.0,3717.67,19,2,3
13267.0,4404.44,27,2,3
13268.0,3167.64,15,2,3
13269.0,5315.92,17,2,3
13270.0,590.0,1,0,1
13271.0,178.26,2,0,1
13272.0,276.56,2,0,1
13273.0,138.98,1,0,1
13276.0,590.9300000000001,2,0,1
13277.0,258.4,4,0,1
13278.0,542.73,1,0,1
13279.0,126.30000000000001,2,0,1
13280.0,814.86,3,0,1
13282.0,1047.8400000000001,6,0,1
13283.0,93.66,2,0,1
13284.0,196.15,2,0,1
13285.0,2709.12,4,0,1
13291.0,361.11,1,0,1
13292.0,578.9399999999999,2,0,1
13294.0,873.74,2,0,1
13295.0,197.95000000000002,2,0,1
13296.0,87.4,1,0,1
13297.0,2089.85,4,0,1
13298.0,360.0,1,0,1
13299.0,142.5,1,0,1
13300.0,365.29,2,0,1
13301.0,618.09,4,0,1
13302.0,63.75,1,0,1
13304.0,300.42,1,0,1
13305.0,2000.86,10,0,1
13307.0,15.0,1,0,1
13308.0,1367.6100000000001,4,0,1
13309.0,1456.79,5,0,1
13310.0,1083.63,6,0,1
13311.0,598.57,2,0,1
13313.0,1555.32,5,0,1
13314.0,578.66,4,0,1
13316.0,5815.49,5,0,1
13317.0,2140.07,9,0,1
13318.0,640.76,3,0,1
13319.0,10664.34,36,2,3
13320.0,1491.7,6,0,1
13321.0,567.36,2,0,1
13322.0,199.48000000000002,1,0,1
13323.0,787.85,5,0,1
13324.0,7072.8,12,2,1
13325.0,675.3,1,0,1
13327.0,3617.57,9,0,1
13328.0,1308.48,1,0,1
13329.0,740.4,4,0,1
13330.0,1140.93,3,0,1
13332.0,350.9,1,0,1
13334.0,3536.82,3,0,1
13336.0,795.12,1,0,1
13338.0,431.82,3,0,1
13339.0,860.12,1,0,1
13340.0,10736.48,7,0,3
13341.0,775.85,1,0,1
13343.0,303.93,2,0,1
13344.0,2543.72,3,0,1
13345.0,377.6,2,0,1
13347.0,341.36,1,0,1
13348.0,233.76,1,0,1
13349.0,247.32,1,0,1
13350.0,910.72,3,0,1
13351.0,373.94,1,0,1
13352.0,389.28,2,0,1
13354.0,743.53,1,0,1
13355.0,674.7,1,0,1
13356.0,768.24,1,0,1
13357.0,609.95,1,0,1
13358.0,439.03,1,0,1
13359.0,431.26,2,0,1
13362.0,3085.4900000000002,5,0,1
13363.0,992.5,2,0,1
13364.0,0.0,2,0,1
13365.0,2191.22,3,0,1
13366.0,56.160000000000004,1,0,1
13368.0,623.4,2,0,1
13369.0,263.75,2,0,1
13370.0,721.32,2,0,1
13372.0,378.64,1,0,1
13373.0,3312.25,3,0,1
13375.0,772.9,2,0,1
13376.0,1019.76,3,0,1
13379.0,572.56,3,0,1
13381.0,3626.81,7,0,1
13382.0,222.99,1,0,1
13384.0,4122.28,9,0,1
13385.0,534.57,1,0,1
13388.0,627.15,3,0,1
13389.0,797.96,3,0,1
13390.0,544.08,1,0,1
13391.0,59.8,1,0,1
13394.0,2312.8,10,0,1
13395.0,307.72,1,0,1
13396.0,1325.29,4,0,1
13397.0,1539.18,6,0,1
13398.0,457.34,1,0,1
13402.0,621.23,2,0,1
13403.0,75.0,1,0,1
13404.0,252.49,2,0,1
13405.0,572.451,3,0,1
13408.0,27487.41,81,1,0
13410.0,988.91,7,0,1
13411.0,213.55,1,0,1
13414.0,1390.5,3,0,1
13416.0,712.5,2,0,1
13417.0,640.83,2,0,1
13418.0,5845.44,23,2,3
13419.0,221.06,1,0,1
13420.0,140.35,4,0,1
13421.0,1848.98,3,0,1
13422.0,2601.55,2,0,1
13425.0,1624.21,3,0,1
13426.0,3550.7000000000003,12,0,1
13427.0,582.6,3,0,1
13428.0,218.47,1,0,1
13429.0,1006.8,4,0,1
13430.0,648.6899999999999,4,0,1
13431.0,1269.1,2,0,1
13434.0,534.24,2,0,1
13435.0,3794.4900000000002,9,0,1
13436.0,196.89,1,0,1
13437.0,3408.06,7,0,1
13439.0,283.71,1,0,1
13441.0,296.64,1,0,1
13447.0,1104.23,4,0,1
13448.0,3465.67,10,0,1
13449.0,291.88,1,0,1
13450.0,2043.7199999999998,6,0,1
13451.0,2916.45,6,0,1
13452.0,590.0,2,0,1
13453.0,356.97999999999996,2,0,1
13455.0,1007.35,4,0,1
13456.0,1737.8200000000002,7,0,1
13458.0,9537.92,22,2,3
13460.0,183.44,2,0,1
13461.0,1445.0,3,0,1
13462.0,143.25,2,0,1
13464.0,674.68,1,0,1
13466.0,297.95,2,0,1
13467.0,1083.71,2,0,1
13468.0,5656.75,41,2,3
13470.0,165.0,2,0,1
13471.0,2531.58,4,0,1
13473.0,417.54,3,0,1
13474.0,229.59,1,0,1
13475.0,1431.78,4,0,1
13476.0,1092.77,4,0,1
13477.0,1441.53,8,0,1
13479.0,291.0,3,0,1
13481.0,1776.81,8,0,1
13482.0,184.64,1,0,1
13483.0,140.34,1,0,1
13484.0,313.8,1,0,1
13485.0,454.24,1,0,1
13486.0,1122.41,3,0,1
13487.0,575.4,3,0,1
13488.0,8910.61,17,2,3
13489.0,449.52,4,0,1
13491.0,1215.82,10,0,1
13492.0,1269.84,3,0,1
13493.0,618.63,2,0,1
13494.0,316.26000000000005,1,0,1
13495.0,1990.1200000000001,6,0,1
13496.0,617.93,3,0,1
13497.0,321.05,3,0,1
13499.0,1146.96,7,0,1
13500.0,1136.77,4,0,1
13501.0,1310.47,2,0,1
13502.0,292.0,3,0,1
13503.0,216.85,1,0,1
13504.0,295.93,1,0,1
13505.0,4282.88,8,0,1
13506.0,452.82,3,0,1
13507.0,2479.16,4,0,1
13508.0,110.97,1,0,1
13509.0,979.72,7,0,1
13510.0,1785.16,5,0,1
13512.0,251.21,1,0,1
13513.0,205.1,1,0,1
13514.0,152.20000000000002,1,0,1
13515.0,891.12,4,0,1
13516.0,1389.41,3,0,1
13517.0,2109.07,5,0,1
13518.0,659.4399999999999,1,0,1
13519.0,110.80000000000001,2,0,1
13520.0,3487.75,8,0,1
13521.0,1093.65,3,0,1
13522.0,125.80000000000001,1,0,1
13523.0,3755.38,6,0,1
13524.0,680.1800000000001,5,0,1
13525.0,628.78,2,0,1
13527.0,2263.76,8,0,1
13529.0,307.76,2,0,1
13531.0,483.8,2,0,1
13532.0,210.31,1,0,1
13533.0,270.79,3,0,1
13534.0,5613.08,43,2,3
13536.0,3448.29,7,0,1
13538.0,1280.85,7,0,1
13539.0,605.84,4,0,1
13544.0,291.41,2,0,1
13546.0,626.99,3,0,1
13548.0,682.41,2,0,1
13549.0,916.12,8,0,1
13551.0,91.80000000000001,1,0,1
13552.0,3539.53,16,2,3
13555.0,4149.28,4,0,1
13557.0,584.06,2,0,1
13558.0,605.06,4,0,1
13560.0,174.37,1,0,1
13561.0,141.85999999999999,1,0,1
13562.0,1799.33,3,0,1
13563.0,777.53,2,0,1
13564.0,647.74,5,0,1
13565.0,240.22,2,0,1
13566.0,874.71,2,0,1
13568.0,192.85,1,0,1
13569.0,373.75,2,0,1
13570.0,239.49,1,0,1
13571.0,2092.32,12,0,1
13572.0,1384.25,1,0,1
13573.0,294.4,2,0,1
13575.0,732.0699999999999,5,0,1
13576.0,6703.3,20,2,3
13577.0,1658.3,5,0,1
13579.0,467.04,2,0,1
13581.0,118.0,1,0,1
13583.0,781.03,1,0,1
13584.0,142.4,1,0,1
13587.0,347.0,3,0,1
13588.0,2445.12,13,2,1
13589.0,379.65,2,0,1
13590.0,1976.12,7,0,1
13591.0,1117.13,3,0,1
13592.0,247.95999999999998,4,0,1
13593.0,1990.28,6,0,1
13594.0,396.97,1,0,1
13596.0,697.04,2,0,1
13598.0,167.42000000000002,2,0,1
13599.0,5030.6,33,2,3
13600.0,219.52,1,0,1
13601.0,693.32,2,0,1
13602.0,428.89,1,0,1
13603.0,164.34,1,0,1
13606.0,280.53999999999996,3,0,1
13607.0,678.01,1,0,1
13610.0,1115.43,9,0,1
13611.0,1158.2,4,0,1
13614.0,1610.46,4,0,1
13615.0,399.99,2,0,1
13617.0,544.18,3,0,1
13618.0,177.34,1,0,1
13621.0,213.85,1,0,1
13623.0,672.44,7,0,1
13626.0,257.23,1,0,1
13627.0,1624.02,7,0,1
13629.0,7792.36,11,2,1
13630.0,1995.68,11,0,1
13631.0,3021.77,12,0,1
13632.0,2117.02,6,0,1
13634.0,1575.16,5,0,1
13635.0,1071.03,1,0,1
13636.0,941.62,6,0,1
13637.0,810.5,3,0,1
13638.0,122.64,1,0,1
13639.0,1033.34,1,0,1
13642.0,354.8,1,0,1
13643.0,519.44,3,0,1
13644.0,2597.52,5,0,1
13645.0,252.1,1,0,1
13647.0,1670.22,5,0,1
13649.0,346.6,2,0,1
13650.0,1809.34,7,0,1
13651.0,94.2,2,0,1
13652.0,1095.08,3,0,1
13654.0,2707.33,6,0,1
13655.0,932.97,2,0,1
13656.0,379.65,2,0,1
13657.0,382.14,2,0,1
13658.0,2421.47,7,0,1
13659.0,1550.85,3,0,1
13662.0,879.08,7,0,1
13663.0,189.47,1,0,1
13666.0,84.65,3,0,1
13667.0,305.02,1,0,1
13668.0,6216.07,29,2,3
13669.0,218.55,2,0,1
13670.0,349.7,1,0,1
13672.0,-71.46,6,0,1
13673.0,396.92,2,0,1
13675.0,486.82000000000005,2,0,1
13678.0,232.6,1,0,1
13680.0,2202.31,5,0,1
13681.0,827.83,4,0,1
13682.0,59.5,1,0,1
13684.0,64.23,2,0,1
13685.0,3119.44,7,0,1
13686.0,72.0,1,0,1
13689.0,910.0,1,0,1
13690.0,172.25,1,0,1
13692.0,1466.8700000000001,5,0,1
13693.0,-32.0,2,0,1
13694.0,62653.1,60,1,0
13695.0,2504.13,15,2,3
13697.0,151.29999999999998,1,0,1
13699.0,308.58000000000004,1,0,1
13700.0,2265.12,10,0,1
13703.0,99.5,1,0,1
13704.0,2295.31,10,0,1
13705.0,711.86,3,0,1
13706.0,330.79,1,0,1
13707.0,806.41,2,0,1
13708.0,296.88,1,0,1
13709.0,6249.110000000001,17,2,3
13710.0,180.48,1,0,1
13711.0,252.06,2,0,1
13712.0,228.84,1,0,1
13715.0,1053.94,8,0,1
13716.0,138.28,1,0,1
13717.0,1432.26,7,0,1
13718.0,306.55,2,0,1
13719.0,1041.68,5,0,1
13720.0,799.9,4,0,1
13721.0,524.14,1,0,1
13722.0,2369.16,4,0,1
13723.0,199.85000000000002,1,0,1
13725.0,1809.81,11,0,1
13726.0,1079.6599999999999,2,0,1
13727.0,333.48,2,0,1
13728.0,1016.14,6,0,1
13730.0,752.6,2,0,1
13731.0,610.59,2,0,1
13732.0,491.86,1,0,1
13735.0,2766.18,8,0,1
13736.0,724.0,3,0,1
13737.0,339.59999999999997,1,0,1
13739.0,216.9,1,0,1
13740.0,350.75,1,0,1
13741.0,666.33,4,0,1
13742.0,3102.42,14,2,1
13743.0,1340.1499999999999,8,0,1
13744.0,1156.36,2,0,1
13745.0,291.54,2,0,1
13747.0,79.6,1,0,1
13748.0,948.25,5,0,1
13750.0,1647.26,5,0,1
13751.0,296.25,1,0,1
13752.0,1186.28,6,0,1
13753.0,741.26,1,0,1
13754.0,282.59999999999997,2,0,1
13755.0,2154.68,10,0,1
13756.0,5145.12,15,2,3
13758.0,3190.55,7,0,1
13759.0,659.4100000000001,2,0,1
13760.0,286.79,2,0,1
13761.0,1070.65,2,0,1
13762.0,3.552713678800501e-15,2,0,1
13763.0,1689.46,3,0,1
13764.0,1521.76,3,0,1
13767.0,16945.71,52,2,3
13769.0,2771.87,16,2,3
13771.0,2631.7,5,0,1
13772.0,1132.13,3,0,1
13774.0,345.0,1,0,1
13777.0,25748.350000000002,41,2,3
13778.0,178.7,1,0,1
13780.0,360.01,2,0,1
13781.0,127.84,1,0,1
13782.0,912.0,6,0,1
13784.0,2462.79,11,0,1
13786.0,230.39999999999998,1,0,1
13787.0,309.04,2,0,1
13790.0,348.8,1,0,1
13791.0,1047.68,3,0,1
13792.0,195.55,2,0,1
13798.0,36351.42,63,1,3
13799.0,688.86,2,0,1
13800.0,558.32,1,0,1
13801.0,324.8,1,0,1
13802.0,3906.27,6,0,1
13803.0,277.07,1,0,1
13804.0,2635.79,7,0,1
13805.0,924.6,2,0,1
13806.0,256.38,1,0,1
13807.0,112.6,1,0,1
13808.0,1747.66,5,0,1
13809.0,155.05,1,0,1
13810.0,899.51,4,0,1
13811.0,591.75,4,0,1
13812.0,539.0,3,0,1
13813.0,1353.41,5,0,1
13814.0,1562.12,3,0,1
13815.0,4014.91,5,0,1
13816.0,555.04,4,0,1
13817.0,382.98,2,0,1
13819.0,1140.35,3,0,1
13821.0,385.64,2,0,1
13822.0,632.0,2,0,1
13823.0,957.66,2,0,1
13824.0,1698.94,5,0,1
13826.0,174.65,2,0,1
13827.0,412.05,3,0,1
13828.0,209.49,1,0,1
13829.0,-102.0,1,0,1
13831.0,2202.99,6,0,1
13832.0,40.949999999999996,2,0,1
13833.0,384.8,1,0,1
13835.0,834.57,4,0,1
13837.0,271.24,2,0,1
13838.0,691.73,4,0,1
13841.0,85.0,1,0,1
13842.0,3385.62,9,0,1
13844.0,361.62,1,0,1
13845.0,312.98,1,0,1
13846.0,847.61,4,0,1
13848.0,1255.0,3,0,1
13849.0,1537.95,2,0,1
13850.0,1586.81,2,0,1
13851.0,2651.46,3,0,1
13853.0,1056.94,2,0,1
13854.0,8025.0199999999995,29,2,3
13856.0,363.4,5,0,1
13858.0,216.17,1,0,1
13859.0,201.16,1,0,1
13860.0,1240.0,6,0,1
13862.0,2187.31,10,0,1
13863.0,299.56,2,0,1
13865.0,501.56,4,0,1
13866.0,145.67000000000002,1,0,1
13867.0,1015.29,3,0,1
13868.0,3192.54,2,0,1
13869.0,3104.95,4,0,1
13870.0,2751.25,10,0,1
13871.0,6389.8,14,2,1
13873.0,381.7,4,0,1
13874.0,540.45,1,0,1
13875.0,1786.79,5,0,1
13876.0,122.7,1,0,1
13877.0,117.24,1,0,1
13878.0,1281.53,1,0,1
13880.0,3219.77,13,2,1
13881.0,16989.52,22,2,3
13882.0,1131.28,6,0,1
13883.0,2538.75,9,0,1
13884.0,781.3000000000001,6,0,1
13885.0,506.8,2,0,1
13886.0,243.56,1,0,1
13887.0,349.55,1,0,1
13888.0,605.63,2,0,1
13889.0,416.90000000000003,1,0,1
13890.0,1860.8600000000001,14,2,1
13892.0,632.97,4,0,1
13893.0,821.1,1,0,1
13894.0,535.97,5,0,1
13895.0,2588.12,5,0,1
13897.0,311.16,1,0,1
13898.0,155.93,1,0,1
13899.0,388.52,2,0,1
13900.0,740.95,3,0,1
13901.0,2867.2,5,0,1
13904.0,332.64,2,0,1
13908.0,2347.05,5,0,1
13911.0,2580.91,9,0,1
13914.0,613.95,3,0,1
13917.0,272.04,2,0,1
13918.0,1212.8400000000001,2,0,1
13919.0,350.15999999999997,3,0,1
13922.0,172.25,1,0,1
13923.0,351.13,1,0,1
13924.0,1682.08,11,0,1
13925.0,616.65,6,0,1
13926.0,223.85000000000002,1,0,1
13927.0,348.99,1,0,1
13928.0,464.57,4,0,1
13929.0,802.85,3,0,1
13930.0,337.34,2,0,1
13931.0,1230.93,3,0,1
13932.0,307.4,1,0,1
13933.0,608.7900000000001,2,0,1
13934.0,922.1,1,0,1
13936.0,361.28,2,0,1
13937.0,158.85,1,0,1
13938.0,71.66,1,0,1
13939.0,556.75,4,0,1
13940.0,839.14,4,0,1
13941.0,4912.41,7,0,1
13946.0,561.5699999999999,3,0,1
13947.0,90.6,1,0,1
13948.0,102.0,1,0,1
13949.0,2427.32,6,0,1
13950.0,728.56,5,0,1
13951.0,674.45,3,0,1
13952.0,3246.091,3,0,1
13953.0,3515.68,7,0,1
13954.0,378.59,3,0,1
13955.0,322.96,2,0,1
13956.0,1026.42,5,0,1
13958.0,-102.45,1,0,1
13959.0,598.2,3,0,1
13960.0,230.22,2,0,1
13962.0,169.55,2,0,1
13963.0,664.54,4,0,1
13967.0,80.7,1,0,1
13969.0,8986.69,20,2,3
13971.0,2702.2200000000003,11,0,1
13972.0,190.25,2,0,1
13973.0,264.7,1,0,1
13974.0,413.59000000000003,1,0,1
13975.0,2503.23,7,0,1
13976.0,357.98,1,0,1
13978.0,196.79000000000002,2,0,1
13979.0,869.87,1,0,1
13980.0,200.14,1,0,1
13982.0,1861.11,5,0,1
13983.0,2590.46,13,2,1
13984.0,488.03,6,0,1
13985.0,7024.53,16,2,3
13986.0,320.46,1,0,1
13988.0,4098.8,9,0,1
13989.0,1266.08,2,0,1
13990.0,311.3,1,0,1
13991.0,850.63,7,0,1
13992.0,76.8,1,0,1
13993.0,3409.66,12,0,1
13994.0,2313.14,6,0,1
13995.0,1383.49,6,0,1
13999.0,3865.26,15,2,3
14000.0,633.71,2,0,1
14001.0,2030.3300000000002,4,0,1
14002.0,529.73,2,0,1
14004.0,4582.64,7,0,1
14005.0,2874.72,5,0,1
14006.0,962.19,3,0,1
14009.0,685.9300000000001,3,0,1
14012.0,328.8,1,0,1
14013.0,473.02,3,0,1
14014.0,505.18,1,0,1
14015.0,917.34,1,0,1
14016.0,4328.46,5,0,1
14019.0,1398.96,4,0,1
14020.0,642.8,2,0,1
14021.0,631.9,3,0,1
14022.0,440.0,1,0,1
14023.0,584.07,2,0,1
14024.0,327.7,2,0,1
14027.0,104.82,1,0,1
14029.0,467.66,2,0,1
14030.0,2360.09,8,0,1
14031.0,14634.640000000001,23,2,3
14032.0,2929.84,18,2,3
14034.0,512.02,4,0,1
14035.0,1428.02,5,0,1
14036.0,626.65,1,0,1
14037.0,147.20000000000002,2,0,1
14038.0,1554.48,4,0,1
14039.0,152.2,1,0,1
14040.0,3542.19,15,2,3
14041.0,141.41,1,0,1
14044.0,652.82,4,0,1
14045.0,1659.75,4,0,1
14046.0,154.99,1,0,1
14047.0,1290.01,7,0,1
14048.0,375.13,2,0,1
14049.0,5639.15,6,0,1
14050.0,746.36,2,0,1
14051.0,15477.34,26,2,3
14052.0,225.36,1,0,1
14053.0,260.25,2,0,1
14054.0,92.46,1,0,1
14055.0,725.6400000000001,1,0,1
14056.0,8124.4,29,2,3
14057.0,6147.4,18,2,3
14059.0,183.6,1,0,1
14060.0,6135.38,20,2,3
14062.0,10464.85,12,2,3
14064.0,1188.32,7,0,1
14066.0,152.55,1,0,1
14067.0,374.7,2,0,1
14068.0,265.85,1,0,1
14071.0,1307.41,9,0,1
14073.0,139.54,2,0,1
14075.0,942.26,3,0,1
14076.0,122.47,1,0,1
14077.0,499.41999999999996,5,0,1
14078.0,1049.37,6,0,1
14079.0,375.1,1,0,1
14080.0,45.599999999999994,1,0,1
14081.0,904.67,4,0,1
14082.0,182.25,1,0,1
14083.0,1018.43,9,0,1
14085.0,4435.79,19,2,3
14087.0,181.67,2,0,1
14088.0,50415.49,14,2,0
14089.0,161.0,1,0,1
14090.0,76.32000000000001,1,0,1
14092.0,4063.1,17,2,3
14093.0,442.85,1,0,1
14096.0,57120.909999999996,34,2,0
14098.0,147.35,1,0,1
14099.0,3092.9700000000003,12,0,1
14100.0,194.9,1,0,1
14101.0,5976.79,6,0,1
14102.0,1314.73,8,0,1
14104.0,216.20999999999998,2,0,1
14105.0,1260.33,2,0,1
14107.0,2688.48,8,0,1
14108.0,594.16,3,0,1
14109.0,80.2,2,0,1
14110.0,5669.65,13,2,1
14111.0,688.6,5,0,1
14112.0,2774.17,12,0,1
14113.0,1377.92,8,0,1
14114.0,386.53,2,0,1
14116.0,1382.74,5,0,1
14117.0,90.0,1,0,1
14119.0,-19.9,1,0,1
14121.0,2740.3,6,0,1
14124.0,419.58000000000004,1,0,1
14125.0,2740.43,3,0,1
14126.0,643.6300000000001,4,0,1
14127.0,709.71,3,0,1
14128.0,637.5,2,0,1
14129.0,1123.8600000000001,5,0,1
14130.0,483.86,1,0,1
14132.0,3580.13,12,0,1
14133.0,590.3399999999999,5,0,1
14135.0,4690.31,15,2,3
14138.0,982.3800000000001,2,0,1
14139.0,415.82,1,0,1
14140.0,920.05,3,0,1
14141.0,879.0300000000001,6,0,1
14142.0,311.81,1,0,1
14143.0,115.8,1,0,1
14145.0,3148.2,5,0,1
14146.0,2949.57,6,0,1
14147.0,468.4,3,0,1
14148.0,157.2,1,0,1
14149.0,259.43,3,0,1
14150.0,658.64,2,0,1
14152.0,611.09,3,0,1
14154.0,1345.62,2,0,1
14155.0,118.75,1,0,1
14156.0,113384.14,66,1,0
14157.0,400.43,3,0,1
14158.0,507.66,1,0,1
14159.0,4678.3,14,2,1
14161.0,1110.52,3,0,1
14162.0,289.36,2,0,1
14163.0,2445.91,4,0,1
14164.0,1631.77,2,0,1
14165.0,122.53999999999999,1,0,1
14167.0,574.84,4,0,1
14171.0,363.79,1,0,1
14173.0,450.84,4,0,1
14174.0,134.46,1,0,1
14175.0,3108.06,7,0,1
14176.0,574.0,5,0,1
14177.0,554.46,5,0,1
14178.0,1620.93,7,0,1
14179.0,719.78,2,0,1
14180.0,4640.77,31,2,3
14184.0,452.89,1,0,1
14185.0,197.65,1,0,1
14188.0,2018.91,10,0,1
14189.0,4604.31,24,2,3
14191.0,4660.01,14,2,1
14193.0,853.39,2,0,1
14194.0,11216.75,32,2,3
14195.0,962.7,3,0,1
14196.0,335.52,1,0,1
14198.0,663.5,7,0,1
14199.0,185.39999999999998,1,0,1
14201.0,688.04,9,0,1
14204.0,161.03,1,0,1
14205.0,218.78,4,0,1
14206.0,308.26,2,0,1
14208.0,151.74,1,0,1
14209.0,2067.13,7,0,1
14210.0,1900.89,7,0,1
14211.0,2208.3,13,2,1
14212.0,1070.48,1,0,1
14213.0,-1192.2,1,0,1
14214.0,1000.23,7,0,1
14215.0,1777.92,7,0,1
14216.0,1839.3,4,0,1
14217.0,1925.3600000000001,24,2,3
14218.0,169.48000000000002,1,0,1
14219.0,89.94,1,0,1
14220.0,632.4,2,0,1
14221.0,3427.85,10,0,1
14222.0,683.17,1,0,1
14223.0,975.23,4,0,1
14224.0,1050.12,4,0,1
14226.0,2201.64,7,0,1
14227.0,3315.71,15,2,3
14229.0,1450.6,5,0,1
14231.0,822.0600000000001,5,0,1
14232.0,2043.93,8,0,1
14233.0,1447.51,5,0,1
14234.0,775.46,4,0,1
14235.0,3093.86,6,0,1
14236.0,490.86,2,0,1
14237.0,161.0,1,0,1
14238.0,146.85,1,0,1
14239.0,2323.5,13,2,1
14240.0,890.34,2,0,1
14241.0,213.70000000000002,1,0,1
14242.0,280.55,2,0,1
14243.0,2535.88,14,2,1
14245.0,1677.48,5,0,1
14246.0,1474.06,3,0,1
14247.0,136.76999999999998,1,0,1
14248.0,302.58,1,0,1
14250.0,1904.05,3,0,1
14251.0,2879.7000000000003,5,0,1
14256.0,935.0600000000001,3,0,1
14257.0,3087.27,6,0,1
14258.0,12650.08,10,2,3
14259.0,120.0,1,0,1
14261.0,1163.45,2,0,1
14262.0,2618.23,8,0,1
14264.0,319.47,3,0,1
14265.0,530.18,2,0,1
14267.0,1279.09,7,0,1
14270.0,492.65000000000003,1,0,1
14271.0,112.32,1,0,1
14272.0,437.96,2,0,1
14273.0,559.97,4,0,1
14276.0,1019.39,5,0,1
14277.0,3957.0,4,0,1
14280.0,134.04,1,0,1
14282.0,3729.34,15,2,3
14284.0,578.45,3,0,1
14285.0,1910.01,4,0,1
14286.0,4595.81,5,0,1
14287.0,151.23000000000002,4,0,1
14288.0,413.85,2,0,1
14289.0,911.26,6,0,1
14290.0,2307.4500000000003,6,0,1
14291.0,3873.3,12,0,1
14292.0,4819.33,14,2,1
14293.0,1046.56,4,0,1
14295.0,154.70000000000002,2,0,1
14297.0,1284.06,6,0,1
14298.0,50862.44,45,1,0
14299.0,2855.35,18,2,3
14300.0,43.2,1,0,1
14301.0,632.04,2,0,1
14304.0,197.1,2,0,1
14305.0,1803.76,5,0,1
14306.0,2083.42,3,0,1
14307.0,2995.72,6,0,1
14309.0,2319.68,10,0,1
14311.0,229.71,2,0,1
14312.0,1611.59,6,0,1
14314.0,120.0,1,0,1
14315.0,2456.98,7,0,1
14317.0,508.58000000000004,1,0,1
14320.0,343.11,3,0,1
14321.0,1530.75,5,0,1
14323.0,574.26,4,0,1
14326.0,166.85,2,0,1
14327.0,311.65,1,0,1
14329.0,4928.74,14,2,1
14331.0,462.65999999999997,2,0,1
14332.0,866.31,3,0,1
14333.0,351.45,2,0,1
14334.0,2539.46,9,0,1
14335.0,468.26,2,0,1
14336.0,1614.91,4,0,1
14338.0,554.22,4,0,1
14339.0,289.90999999999997,4,0,1
14340.0,134.7,1,0,1
14341.0,2166.38,9,0,1
14342.0,607.71,6,0,1
14344.0,889.9300000000001,8,0,1
14345.0,108.97999999999999,1,0,1
14346.0,1021.58,2,0,1
14348.0,409.57,1,0,1
14349.0,133.5,1,0,1
14350.0,258.7,2,0,1
14351.0,51.0,1,0,1
14352.0,1078.96,4,0,1
14353.0,90.6,1,0,1
14354.0,163.62,2,0,1
14355.0,174.4,1,0,1
14356.0,666.9399999999999,4,0,1
14357.0,225.77,1,0,1
14359.0,882.58,6,0,1
14360.0,2128.23,4,0,1
14362.0,161.2,1,0,1
14364.0,3717.35,8,0,1
14367.0,9167.82,19,2,3
14368.0,155.0,1,0,1
14371.0,100.5,1,0,1
14373.0,76.55,1,0,1
14375.0,257.68,1,0,1
14377.0,617.05,2,0,1
14379.0,348.1,2,0,1
14381.0,202.68,1,0,1
14382.0,626.0699999999999,1,0,1
14383.0,1247.69,3,0,1
14385.0,202.11,3,0,1
14386.0,142.4,1,0,1
14387.0,1770.56,3,0,1
14388.0,3172.04,10,0,1
14389.0,999.72,5,0,1
14390.0,4592.47,13,2,1
14393.0,67.95,1,0,1
14395.0,3471.91,12,0,1
14396.0,487.99,2,0,1
14397.0,2556.68,23,2,3
14400.0,559.7,2,0,1
14401.0,4039.98,14,2,1
14403.0,1426.31,5,0,1
14404.0,1434.72,7,0,1
14406.0,156.75,1,0,1
14407.0,2111.08,9,0,1
14408.0,2606.53,7,0,1
14409.0,1908.25,7,0,1
14410.0,576.3,15,2,3
14411.0,1063.0,1,0,1
14412.0,761.3299999999999,3,0,1
14413.0,122.7,1,0,1
14414.0,1485.1299999999999,8,0,1
14415.0,5811.56,18,2,3
14416.0,490.22,2,0,1
14418.0,1937.25,3,0,1
14419.0,1058.06,6,0,1
14420.0,385.87,2,0,1
14421.0,813.11,2,0,1
14422.0,4263.64,6,0,1
14423.0,265.2,1,0,1
14424.0,322.08,1,0,1
14426.0,3918.9,16,2,3
14427.0,363.34000000000003,2,0,1
14428.0,1230.14,7,0,1
14431.0,397.76,2,0,1
14432.0,2255.51,6,0,1
14434.0,1372.8,6,0,1
14436.0,89.06,1,0,1
14437.0,-43.400000000000006,2,0,1
14438.0,131.9,1,0,1
14439.0,2661.24,1,0,1
14440.0,2357.6800000000003,5,0,1
14441.0,1545.14,10,0,1
14442.0,1544.62,5,0,1
14443.0,1400.88,7,0,1
14446.0,1039.58,4,0,1
14447.0,1163.23,5,0,1
14448.0,375.35,2,0,1
14449.0,907.1,4,0,1
14450.0,483.25,3,0,1
14451.0,662.59,2,0,1
14452.0,264.44,2,0,1
14453.0,119.93,1,0,1
14456.0,3047.63,14,2,1
14457.0,113.64,1,0,1
14459.0,1837.92,1,0,1
14460.0,383.34,4,0,1
14461.0,2103.06,3,0,1
14462.0,1965.9,15,2,3
14463.0,529.62,3,0,1
14465.0,1058.6200000000001,3,0,1
14466.0,2272.4,7,0,1
14467.0,598.76,4,0,1
14470.0,461.19,2,0,1
14472.0,1936.84,8,0,1
14473.0,234.34000000000003,2,0,1
14474.0,537.71,2,0,1
14475.0,799.82,6,0,1
14476.0,215.7,1,0,1
14477.0,1307.81,5,0,1
14479.0,316.25,2,0,1
14480.0,279.05,1,0,1
14481.0,636.51,2,0,1
14482.0,2068.15,6,0,1
14483.0,129.2,2,0,1
14484.0,321.92,1,0,1
14485.0,165.75,1,0,1
14487.0,1183.58,7,0,1
14488.0,1047.43,2,0,1
14489.0,463.38,1,0,1
14491.0,340.93,2,0,1
14493.0,2362.84,7,0,1
14494.0,139.56,1,0,1
14495.0,123.8,2,0,1
14496.0,538.8100000000001,2,0,1
14497.0,457.47,2,0,1
14498.0,1957.32,5,0,1
14499.0,815.32,3,0,1
14500.0,356.85,3,0,1
14501.0,190.31,3,0,1
14502.0,2351.02,14,2,1
14503.0,3543.26,6,0,1
14504.0,673.26,4,0,1
14505.0,5818.7,11,0,1
14506.0,2012.17,5,0,1
14507.0,1368.18,7,0,1
14508.0,276.42,2,0,1
14511.0,1267.4099999999999,6,0,1
14512.0,275.28,2,0,1
14513.0,438.49,4,0,1
14514.0,1055.35,3,0,1
14515.0,2102.09,6,0,1
14517.0,330.45,2,0,1
14518.0,174.37,1,0,1
14520.0,270.6,2,0,1
14522.0,974.54,4,0,1
14523.0,241.09,1,0,1
14524.0,1867.68,9,0,1
14525.0,4221.37,13,2,1
14527.0,7711.38,86,1,0
14528.0,364.21999999999997,1,0,1
14529.0,620.04,3,0,1
14530.0,2925.91,6,0,1
14532.0,932.85,4,0,1
14533.0,1812.6200000000001,9,0,1
14534.0,4075.35,25,2,3
14535.0,2841.09,4,0,1
14536.0,171.8,1,0,1
14537.0,355.56,1,0,1
14538.0,388.25,2,0,1
14539.0,537.48,2,0,1
14540.0,996.26,3,0,1
14541.0,1461.65,8,0,1
14542.0,103.25,1,0,1
14543.0,2916.17,21,2,3
14544.0,2024.45,2,0,1
14546.0,2487.02,9,0,1
14547.0,3986.7400000000002,9,0,1
14548.0,652.8,2,0,1
14549.0,289.24,1,0,1
14550.0,765.62,2,0,1
14551.0,186.23,2,0,1
14552.0,165.07,1,0,1
14553.0,859.27,5,0,1
14554.0,2381.04,4,0,1
14555.0,324.14,2,0,1
14557.0,0.0,2,0,1
14560.0,2174.18,24,2,3
14561.0,1080.76,3,0,1
14562.0,4709.22,22,2,3
14565.0,3073.77,6,0,1
14566.0,1432.0,1,0,1
14567.0,1524.46,3,0,1
14569.0,227.39,1,0,1
14570.0,218.06,2,0,1
14572.0,2803.69,10,0,1
14573.0,1603.72,13,0,1
14576.0,35.400000000000006,1,0,1
14577.0,859.71,4,0,1
14578.0,168.63,1,0,1
14581.0,138.6,1,0,1
14582.0,114.11,1,0,1
14583.0,1052.55,5,0,1
14584.0,1029.26,5,0,1
14585.0,157.05,1,0,1
14586.0,134.16,3,0,1
14587.0,1598.24,10,0,1
14589.0,39.75,1,0,1
14591.0,1447.14,4,0,1
14592.0,570.46,3,0,1
14593.0,617.99,3,0,1
14594.0,379.83,2,0,1
14595.0,1740.6,6,0,1
14597.0,883.15,2,0,1
14598.0,221.97,1,0,1
14600.0,393.33000000000004,1,0,1
14601.0,213.96,1,0,1
14603.0,660.0,1,0,1
14606.0,11713.85,128,1,0
14607.0,11341.1,17,2,3
14608.0,1785.15,4,0,1
14609.0,601.56,4,0,1
14616.0,406.08000000000004,3,0,1
14618.0,538.59,4,0,1
14619.0,379.51,2,0,1
14620.0,393.28000000000003,3,0,1
14621.0,1765.76,6,0,1
14622.0,320.58000000000004,1,0,1
14623.0,869.35,6,0,1
14624.0,225.85,2,0,1
14625.0,848.48,5,0,1
14626.0,2757.07,7,0,1
14627.0,-21.85,1,0,1
14628.0,671.96,2,0,1
14629.0,939.21,3,0,1
14631.0,1006.98,3,0,1
14632.0,114.56,1,0,1
14633.0,344.90000000000003,1,0,1
14636.0,609.85,2,0,1
14638.0,443.6,1,0,1
14639.0,2952.34,8,0,1
14640.0,2042.15,8,0,1
14641.0,110.46,1,0,1
14642.0,96.12,1,0,1
14643.0,668.61,3,0,1
14644.0,780.46,4,0,1
14645.0,597.09,2,0,1
14646.0,279489.02,77,3,2
14647.0,243.22,1,0,1
14649.0,1417.29,4,0,1
14651.0,654.6,2,0,1
14652.0,114.18,1,0,1
14653.0,1947.55,7,0,1
14655.0,1930.15,5,0,1
14656.0,291.05,2,0,1
14657.0,838.27,5,0,1
14658.0,247.15,2,0,1
14659.0,2456.53,12,0,1
14660.0,285.74,2,0,1
14661.0,107.95,1,0,1
14662.0,771.17,4,0,1
14664.0,637.89,2,0,1
14665.0,1258.38,7,0,1
14666.0,195.25,1,0,1
14667.0,9231.2,27,2,3
14669.0,1269.99,3,0,1
14670.0,411.53,2,0,1
14672.0,765.55,2,0,1
14673.0,1736.4,5,0,1
14675.0,604.75,1,0,1
14676.0,2543.2400000000002,8,0,1
14679.0,-2.55,1,0,1
14680.0,26932.34,23,2,3
14681.0,498.95,3,0,1
14682.0,52.0,2,0,1
14684.0,1236.28,5,0,1
14687.0,628.38,1,0,1
14688.0,5107.38,27,2,3
14689.0,112.8,1,0,1
14690.0,358.61,3,0,1
14691.0,2114.33,5,0,1
14692.0,582.05,5,0,1
14693.0,172.9,1,0,1
14696.0,2070.97,9,0,1
14697.0,188.60999999999999,2,0,1
14698.0,1250.76,5,0,1
14699.0,109.13000000000001,1,0,1
14700.0,2235.3,3,0,1
14701.0,2486.2200000000003,12,0,1
14702.0,3250.64,18,2,3
14703.0,318.17,1,0,1
14704.0,1546.91,9,0,1
14705.0,179.0,1,0,1
14708.0,1096.67,4,0,1
14709.0,4911.14,14,2,1
14710.0,606.13,4,0,1
14711.0,2838.2,12,0,1
14712.0,917.07,3,0,1
14713.0,2664.2599999999998,12,0,1
14714.0,160.19,1,0,1
14715.0,867.38,4,0,1
14716.0,329.68,2,0,1
14719.0,1592.18,6,0,1
14720.0,663.81,3,0,1
14722.0,187.92000000000002,1,0,1
14723.0,1158.3,6,0,1
14725.0,718.08,1,0,1
14727.0,268.58,1,0,1
14729.0,313.49,1,0,1
14730.0,2005.06,8,0,1
14731.0,380.02,3,0,1
14732.0,2686.34,10,0,1
14733.0,9451.54,15,2,3
14735.0,5807.6900000000005,34,2,3
14737.0,1164.55,3,0,1
14738.0,1289.94,9,0,1
14739.0,3899.1,8,0,1
14740.0,1423.21,4,0,1
14741.0,1400.34,6,0,1
14744.0,1088.53,9,0,1
14745.0,1167.16,6,0,1
14747.0,294.3,2,0,1
14748.0,1311.79,6,0,1
14752.0,389.64,1,0,1
14753.0,563.15,1,0,1
14754.0,638.05,2,0,1
14755.0,4965.38,12,2,1
14756.0,738.96,1,0,1
14757.0,420.5,1,0,1
14758.0,1484.06,4,0,1
14759.0,1625.97,3,0,1
14760.0,53.8,2,0,1
14761.0,255.9,2,0,1
14762.0,300.52,1,0,1
14764.0,250.55,2,0,1
14765.0,254.11,3,0,1
14766.0,2423.07,8,0,1
14768.0,139.5,3,0,1
14769.0,10641.6,10,2,3
14770.0,876.42,2,0,1
14772.0,139.26,1,0,1
14775.0,1011.9,3,0,1
14776.0,2195.58,13,2,1
14777.0,-17.45,2,0,1
14778.0,730.86,2,0,1
14779.0,386.15,3,0,1
14780.0,447.68,2,0,1
14782.0,200.10000000000002,1,0,1
14784.0,289.99,2,0,1
14785.0,77.4,2,0,1
14788.0,679.4399999999999,2,0,1
14789.0,197.64,1,0,1
14790.0,745.06,4,0,1
14792.0,0.0,2,0,1
14793.0,214.14,2,0,1
14794.0,1272.11,9,0,1
14795.0,131.45000000000002,1,0,1
14796.0,7839.51,27,2,3
14798.0,173.74,3,0,1
14799.0,157.7,1,0,1
14800.0,4236.34,16,2,3
14801.0,193.14,1,0,1
14803.0,845.55,3,0,1
14804.0,353.27,1,0,1
14805.0,554.65,4,0,1
14806.0,193.39000000000001,1,0,1
14808.0,2175.37,15,2,3
14810.0,2087.88,11,0,1
14813.0,155.43,2,0,1
14815.0,778.5,2,0,1
14816.0,271.85,1,0,1
14817.0,1110.34,2,0,1
14818.0,657.8,3,0,1
14819.0,272.07,2,0,1
14820.0,507.29,4,0,1
14821.0,48.800000000000004,1,0,1
14823.0,321.43,3,0,1
14824.0,1127.71,4,0,1
14825.0,2226.91,12,0,1
14828.0,2139.76,3,0,1
14829.0,644.65,6,0,1
14830.0,197.13,1,0,1
14834.0,1698.35,8,0,1
14836.0,102.44999999999999,3,0,1
14837.0,1641.2,5,0,1
14840.0,62.85,1,0,1
14841.0,3295.76,6,0,1
14842.0,2456.8,8,0,1
14844.0,3189.81,4,0,1
14847.0,309.4,1,0,1
14849.0,7904.28,28,2,3
14850.0,278.15,2,0,1
14851.0,511.35,2,0,1
14852.0,2836.69,6,0,1
14853.0,463.05,3,0,1
14854.0,2749.89,8,0,1
14855.0,645.65,2,0,1
14856.0,1311.3799999999999,3,0,1
14857.0,1165.65,3,0,1
14859.0,1352.04,5,0,1
14860.0,168.62,2,0,1
14861.0,125.79,1,0,1
14862.0,841.1999999999999,2,0,1
14863.0,266.76,1,0,1
14865.0,52.2,2,0,1
14866.0,14197.45,13,2,3
14867.0,701.33,4,0,1
14868.0,2939.64,9,0,1
14869.0,721.95,3,0,1
14870.0,327.25,1,0,1
14871.0,522.38,4,0,1
14873.0,519.68,1,0,1
14875.0,1448.72,5,0,1
14878.0,1485.54,9,0,1
14880.0,706.19,3,0,1
14881.0,255.4,1,0,1
14882.0,589.7,2,0,1
14883.0,756.64,7,0,1
14885.0,765.3199999999999,1,0,1
14886.0,364.8,1,0,1
14887.0,1862.0,1,0,1
14888.0,369.2,1,0,1
14889.0,135.9,1,0,1
14890.0,125.65,1,0,1
14891.0,554.38,2,0,1
14893.0,1237.8500000000001,2,0,1
14894.0,655.75,1,0,1
14895.0,11020.26,24,2,3
14896.0,468.77000000000004,2,0,1
14897.0,1366.38,4,0,1
14898.0,1228.32,8,0,1
14901.0,1414.99,10,0,1
14902.0,314.11,2,0,1
14903.0,2744.48,10,0,1
14904.0,1025.44,2,0,1
14905.0,599.9,3,0,1
14907.0,3478.85,10,0,1
14908.0,277.8,1,0,1
14910.0,389.86,7,0,1
14911.0,132572.62,248,1,0
14912.0,841.52,3,0,1
14913.0,1227.43,4,0,1
14915.0,258.83,3,0,1
14916.0,1264.84,5,0,1
14918.0,1610.15,2,0,1
14920.0,977.77,2,0,1
14921.0,1316.07,2,0,1
14923.0,749.1,1,0,1
14924.0,310.05,1,0,1
14929.0,223.88,1,0,1
14930.0,2372.86,3,0,1
14931.0,964.6800000000001,6,0,1
14932.0,363.53,1,0,1
14934.0,1888.84,3,0,1
14935.0,1784.71,1,0,1
14936.0,8117.42,9,0,1
14937.0,1617.63,4,0,1
14944.0,5842.95,14,2,1
14946.0,100.9,1,0,1
14947.0,290.82,2,0,1
14948.0,1066.57,7,0,1
14950.0,361.25,2,0,1
14951.0,311.69,1,0,1
14952.0,7912.79,15,2,3
14953.0,289.82,1,0,1
14954.0,336.17,1,0,1
14957.0,58.49,1,0,1
14958.0,499.68,3,0,1
14959.0,684.97,5,0,1
14960.0,221.27,2,0,1
14961.0,7006.58,12,2,1
14962.0,126.7,1,0,1
14963.0,1487.8,5,0,1
14964.0,206.21,1,0,1
14965.0,599.0,2,0,1
14966.0,191.32,1,0,1
14967.0,463.8,1,0,1
14968.0,147.59,1,0,1
14970.0,1592.06,4,0,1
14971.0,1116.57,3,0,1
14972.0,114.77,1,0,1
14973.0,1314.45,3,0,1
14974.0,114.39,1,0,1
14975.0,279.94,1,0,1
14976.0,765.86,8,0,1
14978.0,1931.42,5,0,1
14981.0,102.12,1,0,1
14984.0,213.27,2,0,1
14985.0,296.75,2,0,1
14987.0,326.4,2,0,1
14988.0,334.54,1,0,1
14995.0,233.23000000000002,2,0,1
14997.0,540.98,4,0,1
14998.0,429.87,2,0,1
15000.0,490.52,1,0,1
15002.0,1641.76,4,0,1
15004.0,1246.32,1,0,1
15005.0,6180.49,35,2,3
15006.0,502.09,1,0,1
15007.0,156.91,1,0,1
15009.0,1261.78,3,0,1
15010.0,308.94,1,0,1
15012.0,423.04,2,0,1
15014.0,260.17,2,0,1
15016.0,170.04,1,0,1
15017.0,125.58,1,0,1
15018.0,456.26,4,0,1
15019.0,266.0,1,0,1
15021.0,1872.28,13,0,1
15022.0,905.04,4,0,1
15023.0,6763.16,12,2,1
15024.0,1661.33,10,0,1
15025.0,377.01,1,0,1
15026.0,469.0,3,0,1
15027.0,1051.95,6,0,1
15028.0,627.13,4,0,1
15030.0,518.28,2,0,1
15031.0,668.14,4,0,1
15032.0,4464.1,5,0,1
15033.0,2571.02,11,0,1
15034.0,4277.66,11,0,1
15035.0,252.73000000000002,1,0,1
15036.0,465.55,3,0,1
15038.0,665.59,7,0,1
15039.0,19786.44,52,2,3
15041.0,180.35,1,0,1
15042.0,135.93,1,0,1
15043.0,537.0,1,0,1
15044.0,7629.38,22,2,3
15045.0,633.66,3,0,1
15046.0,5064.01,16,2,3
15047.0,343.62,1,0,1
15048.0,380.57,5,0,1
15049.0,121.17000000000002,1,0,1
15050.0,1727.17,5,0,1
15051.0,1391.61,3,0,1
15052.0,215.78,1,0,1
15053.0,697.79,3,0,1
15054.0,302.1,2,0,1
15057.0,1489.5,2,0,1
15058.0,2124.9900000000002,11,0,1
15059.0,1325.82,11,0,1
15060.0,303.09,4,0,1
15061.0,54228.74,55,1,0
15062.0,987.86,4,0,1
15063.0,370.79999999999995,1,0,1
15065.0,3135.98,6,0,1
15066.0,760.59,2,0,1
15067.0,1744.76,3,0,1
15068.0,553.36,2,0,1
15069.0,1109.53,1,0,1
15070.0,106.2,1,0,1
15071.0,982.07,2,0,1
15073.0,612.43,4,0,1
15074.0,748.87,1,0,1
15075.0,773.03,1,0,1
15076.0,880.85,1,0,1
15078.0,9623.35,38,2,3
15079.0,893.66,5,0,1
15081.0,487.35,6,0,1
15083.0,88.2,1,0,1
15087.0,306.94,1,0,1
15088.0,1140.27,3,0,1
15089.0,2420.84,6,0,1
15090.0,381.32,1,0,1
15091.0,476.96,2,0,1
15092.0,457.81,2,0,1
15093.0,4410.14,9,0,1
15095.0,1364.7,5,0,1
15096.0,219.39000000000001,1,0,1
15097.0,248.08,1,0,1
15098.0,649.5,5,0,1
15099.0,410.48,1,0,1
15100.0,635.1,6,0,1
15101.0,310.03,3,0,1
15103.0,703.36,2,0,1
15104.0,1002.54,3,0,1
15105.0,2298.93,7,0,1
15106.0,1407.73,7,0,1
15107.0,247.66,8,0,1
15108.0,1291.75,5,0,1
15109.0,463.75,2,0,1
15110.0,970.25,7,0,1
15111.0,1567.48,3,0,1
15113.0,3439.41,4,0,1
15114.0,2760.56,10,0,1
15115.0,340.11,1,0,1
15116.0,1352.75,4,0,1
15117.0,1550.13,6,0,1
15118.0,244.8,1,0,1
15119.0,266.4,1,0,1
15120.0,343.82,2,0,1
15121.0,457.72,2,0,1
15122.0,1612.13,6,0,1
15123.0,2199.31,2,0,1
15124.0,184.19,2,0,1
15125.0,11117.05,23,2,3
15127.0,406.53,1,0,1
15128.0,1419.54,8,0,1
15129.0,3447.4,11,0,1
15130.0,330.11,1,0,1
15132.0,977.9300000000001,5,0,1
15133.0,982.42,3,0,1
15134.0,1387.99,8,0,1
15135.0,127.15,2,0,1
15136.0,1282.45,5,0,1
15139.0,178.96,2,0,1
15140.0,2350.0,8,0,1
15142.0,498.74,1,0,1
15143.0,259.45,1,0,1
15144.0,6530.04,18,2,3
15145.0,1194.73,4,0,1
15146.0,1313.66,3,0,1
15147.0,608.65,2,0,1
15148.0,301.29,1,0,1
15149.0,520.8000000000001,1,0,1
15150.0,5303.97,11,0,1
15152.0,4684.24,16,2,3
15153.0,329.25,1,0,1
15154.0,240.27,2,0,1
15156.0,961.49,3,0,1
15157.0,1869.5,5,0,1
15158.0,401.40000000000003,1,0,1
15159.0,18573.68,34,2,3
15160.0,158.16,1,0,1
15163.0,304.47,2,0,1
15164.0,843.05,3,0,1
15165.0,487.75,1,0,1
15167.0,163.0,1,0,1
15168.0,106.56,1,0,1
15171.0,1034.5,2,0,1
15172.0,1624.05,5,0,1
15174.0,135.75,1,0,1
15175.0,224.14,1,0,1
15178.0,40.5,1,0,1
15179.0,2186.2,7,0,1
15180.0,87.5,1,0,1
15181.0,680.28,5,0,1
15182.0,622.85,2,0,1
15184.0,406.76,2,0,1
15185.0,310.62,1,0,1
15186.0,411.41,2,0,1
15187.0,4670.08,18,2,3
15189.0,15802.14,53,2,3
15192.0,1044.32,3,0,1
15193.0,499.32,1,0,1
15194.0,7521.17,22,2,3
15195.0,3861.0,1,0,1
15197.0,656.44,5,0,1
15198.0,193.64,2,0,1
15199.0,1268.7,4,0,1
15201.0,927.84,11,0,1
15203.0,1827.8,6,0,1
15204.0,316.58,1,0,1
15205.0,648.8299999999999,3,0,1
15206.0,420.29999999999995,4,0,1
15208.0,867.62,6,0,1
15210.0,331.18,1,0,1
15211.0,894.4100000000001,2,0,1
15212.0,88.94999999999999,2,0,1
15213.0,325.05,3,0,1
15214.0,1661.44,8,0,1
15215.0,615.99,6,0,1
15216.0,96.6,1,0,1
15218.0,5756.89,11,0,1
15219.0,305.75,1,0,1
15220.0,1758.92,7,0,1
15221.0,114.1,2,0,1
15222.0,585.0,1,0,1
15223.0,454.90000000000003,3,0,1
15224.0,310.48,3,0,1
15225.0,409.40000000000003,1,0,1
15226.0,154.41,1,0,1
15227.0,1219.4,5,0,1
15228.0,3376.96,5,0,1
15230.0,429.6,2,0,1
15232.0,612.06,2,0,1
15234.0,197.0,1,0,1
15235.0,2247.51,12,0,1
15236.0,321.05,1,0,1
15237.0,1412.32,4,0,1
15238.0,1056.54,5,0,1
15239.0,764.34,3,0,1
15240.0,1685.57,7,0,1
15241.0,1738.59,9,0,1
15243.0,316.68,1,0,1
15244.0,631.57,2,0,1
15245.0,2515.84,3,0,1
15246.0,514.15,2,0,1
15247.0,356.0,1,0,1
15249.0,6657.36,15,2,3
15251.0,10327.11,15,2,3
15252.0,740.78,2,0,1
15253.0,915.3,6,0,1
15254.0,300.36,1,0,1
15255.0,890.85,1,0,1
15256.0,98.45,1,0,1
15257.0,232.14999999999998,2,0,1
15258.0,623.16,2,0,1
15260.0,1780.77,8,0,1
15261.0,254.82,1,0,1
15262.0,178.95000000000002,1,0,1
15263.0,156.51,1,0,1
15264.0,393.74,1,0,1
15265.0,1506.1200000000001,2,0,1
15266.0,119.3,1,0,1
15267.0,1717.36,5,0,1
15269.0,408.8,1,0,1
15270.0,2298.2,9,0,1
15271.0,2485.82,16,2,3
15272.0,721.94,2,0,1
15274.0,716.57,2,0,1
15275.0,609.19,2,0,1
15276.0,135.31,1,0,1
15277.0,255.89999999999998,1,0,1
15279.0,277.40999999999997,2,0,1
15280.0,113.12,1,0,1
15281.0,2239.9500000000003,12,0,1
15286.0,240.55,1,0,1
15287.0,485.24,3,0,1
15288.0,2306.52,5,0,1
15289.0,935.1,4,0,1
15290.0,7803.7699999999995,21,2,3
15291.0,4596.51,20,2,3
15292.0,180.94,1,0,1
15296.0,3610.31,10,0,1
15297.0,635.04,4,0,1
15298.0,3774.1,14,2,1
15299.0,3787.09,11,0,1
15300.0,496.44,1,0,1
15301.0,5028.12,14,2,1
15303.0,574.02,1,0,1
15304.0,680.3,10,0,1
15306.0,1174.35,3,0,1
15307.0,205.3,1,0,1
15308.0,302.27,2,0,1
15311.0,59419.340000000004,118,1,0
15312.0,921.1,5,0,1
15313.0,52.0,1,0,1
15314.0,327.97,1,0,1
15315.0,551.54,3,0,1
15316.0,165.0,1,0,1
15318.0,312.62,1,0,1
15319.0,204.5,1,0,1
15320.0,267.13,1,0,1
15321.0,2650.73,4,0,1
15322.0,602.97,2,0,1
15325.0,162.29,1,0,1
15326.0,311.71,1,0,1
15327.0,208.75,1,0,1
15329.0,1005.5,5,0,1
15330.0,714.96,2,0,1
15332.0,1661.06,4,0,1
15333.0,1028.56,1,0,1
15334.0,351.67,3,0,1
15335.0,173.97,1,0,1
15339.0,557.57,3,0,1
15341.0,2020.52,1,0,1
15342.0,391.76,2,0,1
15343.0,364.5,1,0,1
15344.0,476.58,5,0,1
15345.0,367.69,2,0,1
15346.0,252.42000000000002,1,0,1
15347.0,201.60000000000002,1,0,1
15348.0,158.04,1,0,1
15349.0,473.81,2,0,1
15350.0,115.65,1,0,1
15351.0,1862.14,10,0,1
15353.0,777.02,2,0,1
15355.0,277.05,2,0,1
15356.0,2766.5,10,0,1
15358.0,8234.8,29,2,3
15360.0,427.93,1,0,1
15361.0,418.92,1,0,1
15363.0,318.05,2,0,1
15364.0,913.19,2,0,1
15365.0,1330.45,9,0,1
15366.0,602.51,2,0,1
15367.0,1867.69,5,0,1
15368.0,446.94000000000005,1,0,1
15369.0,-1592.49,1,0,1
15370.0,2360.55,8,0,1
15372.0,2007.3999999999999,1,0,1
15373.0,2213.11,13,2,1
15374.0,168.0,1,0,1
15376.0,1233.3600000000001,3,0,1
15379.0,3631.8900000000003,8,0,1
15380.0,1682.3600000000001,6,0,1
15381.0,596.85,2,0,1
15382.0,5927.86,8,0,1
15384.0,635.76,3,0,1
15385.0,316.88,1,0,1
15386.0,394.14,1,0,1
15388.0,140.54,1,0,1
15389.0,500.0,1,0,1
15392.0,1515.73,5,0,1
15393.0,231.86,2,0,1
15394.0,2183.54,4,0,1
15395.0,107.45,1,0,1
15396.0,288.18,1,0,1
15397.0,94.0,1,0,1
15398.0,1339.63,3,0,1
15399.0,815.77,3,0,1
15400.0,666.7,6,0,1
15402.0,626.77,2,0,1
15405.0,349.1,1,0,1
15406.0,426.61,4,0,1
15407.0,1056.44,4,0,1
15408.0,267.18,1,0,1
15410.0,3450.84,8,0,1
15411.0,1346.38,5,0,1
15412.0,190.53,1,0,1
15414.0,774.9000000000001,3,0,1
15415.0,572.8100000000001,1,0,1
15416.0,3974.37,5,0,1
15417.0,508.8,1,0,1
15419.0,135.86,1,0,1
15421.0,950.36,4,0,1
15422.0,97.7,2,0,1
15423.0,43.5,1,0,1
15424.0,383.34,2,0,1
15426.0,1429.9,7,0,1
15427.0,1483.14,3,0,1
15428.0,93.78,1,0,1
15429.0,364.90000000000003,3,0,1
15432.0,171.19,1,0,1
15433.0,417.87,3,0,1
15434.0,997.48,6,0,1
15435.0,149.29,1,0,1
15436.0,1122.53,3,0,1
15437.0,200.16,1,0,1
15438.0,156.57999999999998,1,0,1
15440.0,383.68,3,0,1
15442.0,594.0,1,0,1
15443.0,3212.16,8,0,1
15444.0,1418.26,2,0,1
15445.0,113.5,1,0,1
15447.0,155.17,1,0,1
15448.0,494.64,1,0,1
15449.0,971.22,5,0,1
15450.0,429.84,1,0,1
15452.0,538.73,3,0,1
15453.0,1388.37,7,0,1
15454.0,179.1,1,0,1
15456.0,447.22,3,0,1
15457.0,237.07,1,0,1
15458.0,161.64,1,0,1
15460.0,216.76,1,0,1
15462.0,234.6,3,0,1
15463.0,126.14,1,0,1
15464.0,1048.85,1,0,1
15465.0,6945.0199999999995,24,2,3
15466.0,334.53,1,0,1
15467.0,511.88,4,0,1
15468.0,438.46,5,0,1
15469.0,504.5,4,0,1
15471.0,469.48,1,0,1
15472.0,371.56,1,0,1
15473.0,1465.2,10,0,1
15475.0,454.10999999999996,1,0,1
15478.0,1441.42,2,0,1
15480.0,905.5,1,0,1
15482.0,6568.72,16,2,3
15483.0,233.81,4,0,1
15484.0,3563.11,5,0,1
15485.0,2575.0,3,0,1
15488.0,91.32000000000001,1,0,1
15489.0,1090.03,4,0,1
15491.0,3090.85,7,0,1
15492.0,659.4599999999999,2,0,1
15493.0,1967.25,7,0,1
15494.0,1299.23,2,0,1
15497.0,1259.7,3,0,1
15498.0,12396.46,35,2,3
15500.0,1131.56,4,0,1
15502.0,5541.46,23,2,3
15503.0,147.09,1,0,1
15504.0,52.83,1,0,1
15505.0,3497.14,7,0,1
15506.0,979.26,3,0,1
15507.0,492.36,1,0,1
15508.0,1000.27,6,0,1
15510.0,250.0,1,0,1
15511.0,909.23,5,0,1
15512.0,121.0,2,0,1
15513.0,14520.08,22,2,3
15514.0,2963.19,13,2,1
15516.0,62.43,3,0,1
15517.0,267.03,1,0,1
15518.0,1911.89,13,0,1
15520.0,343.5,1,0,1
15521.0,2574.65,13,2,1
15522.0,398.84,2,0,1
15523.0,412.01000000000005,1,0,1
15524.0,440.0,1,0,1
15525.0,811.02,4,0,1
15526.0,148.44,2,0,1
15527.0,2348.82,10,0,1
15528.0,229.33,1,0,1
15529.0,3967.78,12,0,1
15530.0,1502.35,4,0,1
15531.0,2007.44,2,0,1
15532.0,1517.08,6,0,1
15533.0,746.92,5,0,1
15535.0,459.9,7,0,1
15537.0,110.92,1,0,1
15539.0,538.46,1,0,1
15540.0,213.3,1,0,1
15541.0,85.13000000000001,1,0,1
15543.0,127.86,1,0,1
15544.0,3542.51,11,0,1
15545.0,292.71999999999997,2,0,1
15547.0,4954.84,14,2,1
15549.0,1655.76,4,0,1
15550.0,575.63,4,0,1
15551.0,436.06,1,0,1
15552.0,90.12,1,0,1
15553.0,437.23,1,0,1
15554.0,217.2,1,0,1
15555.0,4758.2,20,2,3
15556.0,279.77,1,0,1
15557.0,473.65000000000003,1,0,1
15561.0,722.74,5,0,1
15562.0,134.55,1,0,1
15563.0,1319.69,7,0,1
15565.0,173.16,2,0,1
15567.0,186.01,1,0,1
15568.0,758.29,3,0,1
15569.0,1375.71,5,0,1
15570.0,4109.97,13,2,1
15571.0,650.4300000000001,4,0,1
15572.0,2552.86,7,0,1
15573.0,607.45,2,0,1
15574.0,702.25,4,0,1
15576.0,940.6700000000001,1,0,1
15577.0,258.88,3,0,1
15578.0,127.1,1,0,1
15579.0,348.6,2,0,1
15581.0,3429.9700000000003,14,2,1
15582.0,682.9100000000001,3,0,1
15584.0,722.61,5,0,1
15585.0,455.3,1,0,1
15587.0,913.6800000000001,4,0,1
15589.0,456.58,4,0,1
15590.0,-30.19,1,0,1
15592.0,388.58,1,0,1
15593.0,199.8,1,0,1
15594.0,1767.53,6,0,1
15596.0,1343.34,9,0,1
15597.0,315.71999999999997,2,0,1
15598.0,235.68,3,0,1
15599.0,761.74,2,0,1
15601.0,6745.36,17,2,3
15602.0,1083.63,15,2,3
15603.0,48.480000000000004,1,0,1
15604.0,216.39,1,0,1
15605.0,1198.23,5,0,1
15606.0,2422.64,11,0,1
15607.0,104.76,1,0,1
15608.0,1093.68,4,0,1
15609.0,270.03000000000003,2,0,1
15610.0,112.46000000000001,1,0,1
15611.0,1568.39,15,2,3
15612.0,195.15,2,0,1
15615.0,10360.04,27,2,3
15618.0,747.031,5,0,1
15619.0,336.40000000000003,1,0,1
15620.0,1524.4,6,0,1
15621.0,1158.77,6,0,1
15622.0,3224.53,16,2,3
15623.0,301.03,1,0,1
15624.0,588.13,4,0,1
15625.0,1504.56,8,0,1
15626.0,675.8,2,0,1
15628.0,2865.64,10,0,1
15630.0,1180.4,3,0,1
15632.0,3147.31,10,0,1
15634.0,243.55,1,0,1
15636.0,724.76,2,0,1
15637.0,223.36,1,0,1
15638.0,-94.0,1,0,1
15639.0,425.32,1,0,1
15640.0,12433.34,17,2,3
15641.0,1887.2,4,0,1
15643.0,647.4,6,0,1
15644.0,813.0,4,0,1
15645.0,612.01,1,0,1
15646.0,425.14000000000004,4,0,1
15648.0,599.9,4,0,1
15649.0,816.0,2,0,1
15651.0,646.3,3,0,1
15652.0,337.74,1,0,1
15653.0,877.4399999999999,2,0,1
15654.0,922.53,2,0,1
15655.0,511.32,2,0,1
15656.0,748.5,4,0,1
15657.0,30.0,1,0,1
15658.0,958.9,8,0,1
15659.0,306.45,1,0,1
15660.0,1552.01,12,0,1
15661.0,309.8,2,0,1
15663.0,138.14,1,0,1
15664.0,358.63,2,0,1
15665.0,2242.01,2,0,1
15667.0,301.32,1,0,1
15668.0,76.32000000000001,1,0,1
15669.0,677.69,5,0,1
15670.0,173.05,1,0,1
15671.0,2635.4900000000002,10,0,1
15673.0,2881.02,4,0,1
15674.0,1744.02,8,0,1
15675.0,323.69,3,0,1
15676.0,3324.09,5,0,1
15677.0,657.23,1,0,1
15678.0,352.7,1,0,1
15679.0,781.28,4,0,1
15680.0,1333.68,3,0,1
15681.0,946.36,6,0,1
15683.0,193.75,1,0,1
15687.0,2981.5,11,0,1
15689.0,254.1,2,0,1
15690.0,239.76,2,0,1
15691.0,136.8,1,0,1
15692.0,191.04,1,0,1
15694.0,6423.6,15,2,3
15695.0,409.98,2,0,1
15696.0,2644.46,12,0,1
15699.0,309.65,1,0,1
15700.0,664.03,3,0,1
15701.0,1542.14,4,0,1
15703.0,211.5,1,0,1
15704.0,2293.62,4,0,1
15705.0,143.1,1,0,1
15706.0,1001.8100000000001,7,0,1
15707.0,945.58,4,0,1
15708.0,3329.7200000000003,11,0,1
15709.0,133.25,1,0,1
15712.0,1072.3600000000001,5,0,1
15713.0,346.75,3,0,1
15714.0,330.88,2,0,1
15716.0,1118.81,4,0,1
15717.0,150.3,1,0,1
15719.0,5043.96,14,2,1
15720.0,598.73,1,0,1
15721.0,507.08,1,0,1
15722.0,2181.21,6,0,1
15723.0,203.1,1,0,1
15724.0,212.3,3,0,1
15725.0,415.25,1,0,1
15727.0,5178.96,7,0,1
15728.0,-134.8,1,0,1
15729.0,62.0,2,0,1
15730.0,1108.38,4,0,1
15732.0,294.12,2,0,1
15733.0,162.3,1,0,1
15734.0,1339.45,2,0,1
15737.0,1121.21,12,0,1
15738.0,4788.77,19,2,3
15739.0,449.12,1,0,1
15740.0,154.88,1,0,1
15743.0,784.46,4,0,1
15744.0,34.8,1,0,1
15745.0,1071.24,6,0,1
15746.0,182.96,2,0,1
15747.0,974.04,3,0,1
15748.0,149.31,1,0,1
15749.0,21535.9,4,2,3
15750.0,2451.23,9,0,1
15752.0,2628.93,8,0,1
15753.0,79.2,1,0,1
15754.0,455.67,4,0,1
15755.0,2318.88,8,0,1
15756.0,532.96,4,0,1
15757.0,714.42,2,0,1
15758.0,205.25,1,0,1
15759.0,253.04,3,0,1
15762.0,583.75,2,0,1
15763.0,1048.67,3,0,1
15764.0,3245.47,10,0,1
15766.0,315.06,1,0,1
15768.0,581.8299999999999,4,0,1
15769.0,51823.72,29,2,0
15773.0,635.6800000000001,1,0,1
15774.0,270.8,1,0,1
15775.0,104.9,1,0,1
15776.0,241.62,1,0,1
15777.0,1021.61,5,0,1
15780.0,475.28000000000003,3,0,1
15781.0,333.56,4,0,1
15782.0,2593.94,4,0,1
15783.0,246.3,1,0,1
15785.0,2303.75,8,0,1
15786.0,4834.2,5,0,1
15787.0,948.05,3,0,1
15789.0,351.3,1,0,1
15790.0,220.85,1,0,1
15791.0,1604.44,3,0,1
15793.0,948.96,4,0,1
15795.0,610.01,1,0,1
15796.0,2666.61,10,0,1
15797.0,2207.4,4,0,1
15799.0,884.14,3,0,1
15800.0,699.08,2,0,1
15801.0,1042.19,4,0,1
15802.0,-451.42,3,0,1
15803.0,415.82000000000005,1,0,1
15804.0,3848.55,19,2,3
15805.0,5452.17,20,2,3
15806.0,784.58,3,0,1
15807.0,903.9,3,0,1
15808.0,3724.77,5,0,1
15809.0,399.21,6,0,1
15810.0,1145.43,7,0,1
15811.0,2171.32,9,0,1
15812.0,1801.14,5,0,1
15813.0,1303.9099999999999,2,0,1
15814.0,1842.73,6,0,1
15815.0,2100.6,5,0,1
15819.0,1905.45,4,0,1
15820.0,206.98,1,0,1
15821.0,570.96,2,0,1
15822.0,885.47,2,0,1
15823.0,-840.76,2,0,1
15825.0,532.94,1,0,1
15826.0,1649.3600000000001,4,0,1
15827.0,1641.48,20,2,3
15829.0,636.14,2,0,1
15830.0,547.7,2,0,1
15831.0,747.76,4,0,1
15832.0,836.79,1,0,1
15834.0,2084.9,6,0,1
15835.0,954.09,4,0,1
15836.0,117.47,2,0,1
15837.0,391.98,1,0,1
15838.0,33350.76,21,2,3
15839.0,1020.74,5,0,1
15840.0,345.66,3,0,1
15841.0,1209.1,6,0,1
15843.0,118.95000000000002,1,0,1
15844.0,130.73999999999998,1,0,1
15845.0,3650.87,10,0,1
15847.0,389.27,2,0,1
15850.0,238.85,2,0,1
15852.0,160.71,2,0,1
15853.0,110.8,1,0,1
15854.0,2974.65,12,0,1
15855.0,712.24,5,0,1
15856.0,16173.67,31,2,3
15857.0,297.0,1,0,1
15858.0,1438.85,5,0,1
15860.0,977.21,8,0,1
15861.0,3000.36,9,0,1
15862.0,832.88,4,0,1
15863.0,68.84,2,0,1
15864.0,1769.7800000000002,8,0,1
15865.0,895.13,3,0,1
15866.0,230.53,1,0,1
15867.0,3797.79,16,2,3
15869.0,149.64,2,0,1
15870.0,354.09000000000003,1,0,1
15872.0,360.93,2,0,1
15874.0,4330.67,9,0,1
15877.0,440.78,3,0,1
15880.0,313.28000000000003,2,0,1
15881.0,438.24,8,0,1
15882.0,495.36,5,0,1
15883.0,396.48,2,0,1
15885.0,379.35,3,0,1
15886.0,181.09,1,0,1
15888.0,141.27,2,0,1
15889.0,446.87,2,0,1
15891.0,524.52,1,0,1
15894.0,263.55,2,0,1
15895.0,179.17,1,0,1
15897.0,222.05,2,0,1
15898.0,1384.68,6,0,1
15899.0,56.25,1,0,1
15900.0,351.11,1,0,1
15901.0,363.88,3,0,1
15903.0,5126.34,8,0,1
15904.0,164.68,1,0,1
15906.0,1521.79,8,0,1
15907.0,967.45,3,0,1
15909.0,191.94,1,0,1
15910.0,1232.18,8,0,1
15912.0,264.62,2,0,1
15916.0,1491.24,10,0,1
15917.0,123.1,1,0,1
15918.0,334.23,2,0,1
15919.0,639.89,2,0,1
15920.0,167.5,4,0,1
15921.0,336.03000000000003,1,0,1
15922.0,363.6,2,0,1
15923.0,127.08,1,0,1
15925.0,207.15,1,0,1
15930.0,426.63,1,0,1
15932.0,2461.85,11,0,1
15933.0,1107.46,3,0,1
15935.0,416.86,2,0,1
15937.0,145.35,1,0,1
15938.0,404.58,5,0,1
15939.0,6102.26,16,2,3
15940.0,31.799999999999997,2,0,1
15942.0,337.44,1,0,1
15944.0,325.1,1,0,1
15945.0,181.0,1,0,1
15947.0,1708.24,1,0,1
15948.0,955.24,2,0,1
15949.0,364.72,2,0,1
15950.0,1705.26,5,0,1
15951.0,669.57,3,0,1
15952.0,806.57,4,0,1
15953.0,1634.53,10,0,1
15955.0,4389.81,16,2,3
15957.0,428.89,1,0,1
15958.0,104.35,1,0,1
15963.0,470.76,2,0,1
15965.0,845.64,4,0,1
15967.0,418.83,2,0,1
15969.0,582.9,4,0,1
15970.0,314.1,1,0,1
15971.0,4199.85,12,2,1
15973.0,99.77000000000002,3,0,1
15974.0,3429.55,8,0,1
15975.0,371.01,1,0,1
15976.0,430.94,2,0,1
15977.0,1054.73,2,0,1
15978.0,1098.78,1,0,1
15980.0,2398.86,3,0,1
15981.0,3408.48,8,0,1
15983.0,1475.02,4,0,1
15984.0,2816.97,11,0,1
15985.0,1037.42,3,0,1
15986.0,168.12,1,0,1
15987.0,1451.28,7,0,1
15988.0,158.03,1,0,1
15990.0,792.11,2,0,1
15992.0,41.989999999999995,1,0,1
15993.0,2756.82,10,0,1
15994.0,427.07,1,0,1
15996.0,1044.78,7,0,1
15998.0,3084.17,6,0,1
16000.0,12393.7,3,0,3
16003.0,2735.37,5,0,1
16005.0,615.39,4,0,1
16006.0,101.4,1,0,1
16007.0,1701.94,4,0,1
16008.0,478.78,3,0,1
16009.0,992.71,4,0,1
16010.0,407.5,3,0,1
16011.0,3362.71,16,2,3
16012.0,1415.29,3,0,1
16013.0,33366.25,54,2,3
16014.0,653.13,4,0,1
16015.0,690.54,4,0,1
16016.0,1483.31,10,0,1
16017.0,211.88,1,0,1
16018.0,408.90000000000003,2,0,1
16019.0,3450.2400000000002,10,0,1
16020.0,851.01,3,0,1
16022.0,628.28,1,0,1
16023.0,719.81,3,0,1
16024.0,251.24,1,0,1
16025.0,439.65999999999997,1,0,1
16026.0,236.09,1,0,1
16027.0,852.12,7,0,1
16029.0,50992.61,76,1,0
16030.0,331.24,1,0,1
16031.0,548.94,2,0,1
16033.0,8727.61,27,2,3
16034.0,437.7,3,0,1
16036.0,758.92,2,0,1
16037.0,855.02,3,0,1
16038.0,454.33000000000004,4,0,1
16040.0,1313.55,3,0,1
16041.0,3166.4,3,0,1
16042.0,1147.37,7,0,1
16043.0,773.99,4,0,1
16045.0,1340.7,4,0,1
16048.0,243.69000000000003,3,0,1
16049.0,1111.79,3,0,1
16050.0,137.9,1,0,1
16052.0,362.06,1,0,1
16053.0,1511.95,2,0,1
16054.0,783.9,1,0,1
16055.0,134.8,1,0,1
16056.0,664.85,1,0,1
16057.0,2140.2200000000003,10,0,1
16059.0,1459.8600000000001,6,0,1
16061.0,-29.95,1,0,1
16062.0,1153.62,4,0,1
16063.0,335.32,1,0,1
16065.0,372.09,1,0,1
16066.0,1521.87,5,0,1
16070.0,852.15,2,0,1
16071.0,326.24,1,0,1
16072.0,584.3199999999999,1,0,1
16073.0,94.35,2,0,1
16076.0,2173.53,11,0,1
16078.0,79.2,1,0,1
16079.0,1352.0,3,0,1
16080.0,176.6,3,0,1
16081.0,2806.9,5,0,1
16083.0,1317.62,2,0,1
16084.0,436.18,1,0,1
16085.0,981.51,5,0,1
16086.0,1119.31,6,0,1
16091.0,315.06,2,0,1
16092.0,779.36,5,0,1
16093.0,17.0,1,0,1
16094.0,1041.83,6,0,1
16096.0,320.62,1,0,1
16097.0,185.04999999999998,1,0,1
16098.0,2005.63,7,0,1
16099.0,731.9,3,0,1
16101.0,1245.96,3,0,1
16102.0,1842.14,3,0,1
16103.0,1429.64,6,0,1
16104.0,302.36,1,0,1
16105.0,336.96,1,0,1
16106.0,108.38,1,0,1
16107.0,3204.1600000000003,7,0,1
16108.0,816.1,2,0,1
16109.0,611.88,2,0,1
16110.0,1337.48,3,0,1
16112.0,195.73999999999998,4,0,1
16113.0,161.38,1,0,1
16114.0,135.75000000000003,1,0,1
16115.0,1667.97,8,0,1
16116.0,592.88,2,0,1
16117.0,232.21,1,0,1
16119.0,423.36,2,0,1
16120.0,1294.14,5,0,1
16121.0,867.11,2,0,1
16122.0,684.4200000000001,4,0,1
16123.0,307.78,1,0,1
16124.0,187.15,2,0,1
16125.0,289.35,1,0,1
16126.0,6287.77,4,0,1
16127.0,656.25,1,0,1
16128.0,1880.22,5,0,1
16131.0,3506.54,6,0,1
16133.0,14305.66,46,2,3
16134.0,603.69,3,0,1
16135.0,517.55,1,0,1
16136.0,709.38,3,0,1
16138.0,-7.95,1,0,1
16139.0,635.41,3,0,1
16140.0,703.77,4,0,1
16141.0,620.4,1,0,1
16142.0,535.34,1,0,1
16143.0,2419.84,7,0,1
16144.0,175.2,1,0,1
16145.0,3741.98,18,2,3
16146.0,734.13,3,0,1
16147.0,375.0,1,0,1
16148.0,76.32000000000001,1,0,1
16149.0,280.52,2,0,1
16150.0,1906.07,10,0,1
16152.0,1829.04,1,0,1
16153.0,1824.23,5,0,1
16156.0,3024.62,13,2,1
16157.0,644.24,4,0,1
16159.0,348.2,1,0,1
16160.0,1009.4499999999999,4,0,1
16161.0,5352.97,26,2,3
16162.0,37.4,1,0,1
16163.0,441.59999999999997,3,0,1
16164.0,802.53,4,0,1
16168.0,3770.6,28,2,3
16169.0,1822.97,4,0,1
16170.0,1880.4199999999998,7,0,1
16171.0,73.2,1,0,1
16172.0,1140.21,5,0,1
16173.0,1406.57,7,0,1
16174.0,1009.5500000000001,3,0,1
16175.0,1037.59,4,0,1
16177.0,331.95,1,0,1
16178.0,197.9,1,0,1
16179.0,215.83,1,0,1
16180.0,10217.48,10,2,3
16181.0,305.54,1,0,1
16182.0,6617.65,4,0,1
16183.0,338.71000000000004,1,0,1
16184.0,1155.54,7,0,1
16185.0,529.41,2,0,1
16186.0,3991.94,13,2,1
16187.0,6841.24,17,2,3
16188.0,981.86,4,0,1
16189.0,215.48,2,0,1
16190.0,215.08,1,0,1
16191.0,4913.32,25,2,3
16193.0,314.45,1,0,1
16198.0,400.68100000000004,1,0,1
16200.0,1080.6200000000001,2,0,1
16201.0,1821.52,5,0,1
16202.0,365.27,1,0,1
16203.0,589.15,5,0,1
16204.0,405.71,1,0,1
16205.0,761.38,4,0,1
16206.0,537.0600000000001,4,0,1
16207.0,394.38,1,0,1
16208.0,664.26,2,0,1
16209.0,2262.62,5,0,1
16210.0,21086.3,18,2,3
16211.0,542.77,2,0,1
16212.0,681.19,3,0,1
16213.0,159.0,1,0,1
16214.0,1062.75,3,0,1
16215.0,242.35,1,0,1
16216.0,914.9300000000001,1,0,1
16217.0,259.39000000000004,4,0,1
16218.0,3054.87,8,0,1
16221.0,864.86,3,0,1
16222.0,846.72,1,0,1
16224.0,1295.3,4,0,1
16225.0,1096.32,5,0,1
16226.0,255.12,3,0,1
16227.0,308.32000000000005,2,0,1
16229.0,1010.6,2,0,1
16230.0,542.03,2,0,1
16232.0,983.23,5,0,1
16233.0,422.13,5,0,1
16235.0,858.41,6,0,1
16236.0,432.2,1,0,1
16239.0,372.9,3,0,1
16240.0,3693.81,5,0,1
16241.0,2607.87,13,2,1
16242.0,3598.26,8,0,1
16243.0,409.1,2,0,1
16244.0,1522.75,2,0,1
16245.0,1352.3600000000001,5,0,1
16247.0,114.56,1,0,1
16248.0,152.94,1,0,1
16249.0,1800.07,5,0,1
16250.0,389.44,2,0,1
16252.0,-295.09,1,0,1
16253.0,3665.62,3,0,1
16255.0,2609.3,10,0,1
16256.0,732.63,2,0,1
16257.0,46.95,1,0,1
16258.0,5203.51,5,0,1
16260.0,1035.45,1,0,1
16261.0,746.83,4,0,1
16262.0,-31.65,1,0,1
16265.0,5423.15,11,0,1
16266.0,861.89,7,0,1
16268.0,667.65,2,0,1
16270.0,1141.24,1,0,1
16271.0,1423.29,6,0,1
16272.0,411.7,1,0,1
16274.0,357.95,1,0,1
16275.0,559.87,1,0,1
16276.0,810.6000000000001,1,0,1
16278.0,537.83,3,0,1
16279.0,1496.68,4,0,1
16281.0,2062.06,1,0,1
16282.0,168.3,1,0,1
16283.0,1531.51,7,0,1
16284.0,823.97,2,0,1
16287.0,142.5,1,0,1
16292.0,280.9,2,0,1
16293.0,2236.7400000000002,12,0,1
16295.0,1328.55,4,0,1
16297.0,275.4,4,0,1
16298.0,598.2,3,0,1
16302.0,212.82,2,0,1
16303.0,5305.83,4,0,1
16305.0,361.21999999999997,1,0,1
16306.0,602.27,9,0,1
16308.0,2560.0,4,0,1
16309.0,686.67,3,0,1
16311.0,616.26,2,0,1
16313.0,274.15000000000003,2,0,1
16315.0,226.37,1,0,1
16316.0,2755.56,12,0,1
16317.0,1341.65,3,0,1
16318.0,328.15,1,0,1
16319.0,404.40000000000003,1,0,1
16320.0,1038.46,2,0,1
16321.0,230.70000000000002,7,0,1
16322.0,326.75,2,0,1
16323.0,207.50000000000003,1,0,1
16324.0,428.68,3,0,1
16325.0,510.54,5,0,1
16326.0,3085.96,15,2,3
16327.0,3844.22,6,0,1
16330.0,242.21,4,0,1
16332.0,1583.2,8,0,1
16333.0,26626.8,22,2,3
16337.0,151.05,1,0,1
16338.0,214.79999999999998,1,0,1
16339.0,109.95,1,0,1
16340.0,549.07,1,0,1
16341.0,1959.38,6,0,1
16342.0,322.41,4,0,1
16343.0,370.47999999999996,2,0,1
16344.0,101.10000000000001,1,0,1
16345.0,575.41,1,0,1
16347.0,887.65,2,0,1
16348.0,1469.45,7,0,1
16349.0,53.5,1,0,1
16350.0,1100.47,5,0,1
16351.0,153.9,1,0,1
16352.0,494.44,2,0,1
16353.0,6675.71,23,2,3
16354.0,395.8,2,0,1
16356.0,210.32000000000002,4,0,1
16357.0,658.88,3,0,1
16358.0,2024.95,5,0,1
16359.0,1460.3700000000001,12,0,1
16360.0,3411.69,8,0,1
16361.0,896.66,4,0,1
16362.0,652.07,9,0,1
16363.0,109.36000000000001,1,0,1
16364.0,707.04,2,0,1
16365.0,1540.42,9,0,1
16366.0,327.3,1,0,1
16367.0,804.49,2,0,1
16368.0,497.43,2,0,1
16369.0,1553.66,3,0,1
16370.0,1320.56,4,0,1
16372.0,367.93,2,0,1
16374.0,473.03000000000003,2,0,1
16376.0,977.52,3,0,1
16377.0,676.2,1,0,1
16378.0,362.95,3,0,1
16379.0,2131.9,5,0,1
16380.0,1780.59,1,0,1
16383.0,668.36,2,0,1
16384.0,584.5,2,0,1
16385.0,555.89,3,0,1
16386.0,317.2,2,0,1
16387.0,94.36,1,0,1
16389.0,1362.27,5,0,1
16392.0,221.19,1,0,1
16393.0,2941.05,20,2,3
16394.0,1412.06,9,0,1
16395.0,1486.9,5,0,1
16398.0,1631.15,4,0,1
16399.0,408.57,2,0,1
16400.0,303.93,1,0,1
16401.0,4061.24,20,2,3
16402.0,299.6,2,0,1
16403.0,161.04999999999998,2,0,1
16404.0,443.05,1,0,1
16405.0,167.25,2,0,1
16406.0,163.07,1,0,1
16407.0,2126.93,10,0,1
16409.0,2028.88,5,0,1
16411.0,214.65,2,0,1
16412.0,151.83,1,0,1
16413.0,262.2,1,0,1
16414.0,126.25,2,0,1
16415.0,210.35,1,0,1
16416.0,1026.99,4,0,1
16418.0,675.27,3,0,1
16419.0,959.48,7,0,1
16422.0,33805.69,75,1,0
16423.0,346.12,1,0,1
16424.0,82.56,2,0,1
16425.0,302.7,1,0,1
16426.0,1908.25,10,0,1
16427.0,241.06,2,0,1
16428.0,-2.95,1,0,1
16429.0,284.55,1,0,1
16430.0,300.85,1,0,1
16431.0,642.81,3,0,1
16432.0,287.4,1,0,1
16433.0,184.26,1,0,1
16434.0,1522.25,7,0,1
16438.0,798.35,5,0,1
16440.0,3640.67,5,0,1
16441.0,381.2,2,0,1
16442.0,616.79,3,0,1
16444.0,638.77,5,0,1
16445.0,230.51,1,0,1
16446.0,2.8999999999941792,3,0,1
16447.0,259.01,1,0,1
16448.0,188.89000000000001,1,0,1
16449.0,674.69,3,0,1
16450.0,311.92,1,0,1
16451.0,266.97,1,0,1
16454.0,-8.15,3,0,1
16455.0,1841.18,7,0,1
16456.0,2158.37,5,0,1
16457.0,208.36,1,0,1
16458.0,3482.7400000000002,18,2,3
16460.0,814.72,3,0,1
16461.0,151.42,1,0,1
16462.0,102.0,4,0,1
16463.0,1383.7,7,0,1
16464.0,1314.68,3,0,1
16466.0,1603.46,7,0,1
16468.0,74.9,1,0,1
16469.0,650.43,4,0,1
16470.0,757.44,5,0,1
16471.0,223.95000000000002,1,0,1
16473.0,314.86,4,0,1
16474.0,1811.47,11,0,1
16475.0,544.3,4,0,1
16477.0,2494.46,7,0,1
16478.0,331.0,3,0,1
16479.0,300.83,2,0,1
16480.0,769.29,1,0,1
16482.0,220.62,1,0,1
16483.0,139.35,1,0,1
16484.0,379.4,3,0,1
16485.0,363.65,1,0,1
16488.0,492.2,4,0,1
16491.0,731.5,1,0,1
16493.0,1329.66,6,0,1
16494.0,826.53,1,0,1
16495.0,684.41,3,0,1
16496.0,1562.22,4,0,1
16497.0,2965.69,6,0,1
16498.0,86.12,3,0,1
16499.0,319.1,5,0,1
16500.0,400.86,6,0,1
16503.0,1421.43,5,0,1
16504.0,484.38,1,0,1
16505.0,777.6,1,0,1
16506.0,90.30000000000001,2,0,1
16509.0,363.7,1,0,1
16510.0,248.1,1,0,1
16511.0,950.26,3,0,1
16513.0,874.59,4,0,1
16515.0,1627.13,5,0,1
16516.0,101.69999999999999,1,0,1
16517.0,162.7,1,0,1
16518.0,480.92,3,0,1
16519.0,215.07999999999998,2,0,1
16520.0,1036.6200000000001,4,0,1
16523.0,9295.67,28,2,3
16525.0,11895.57,29,2,3
16526.0,290.36,1,0,1
16527.0,228.06,1,0,1
16528.0,244.41,1,0,1
16529.0,455.25,1,0,1
16531.0,1244.59,7,0,1
16532.0,6748.8,3,0,1
16533.0,1026.94,5,0,1
16535.0,593.75,1,0,1
16536.0,539.02,2,0,1
16539.0,1388.81,4,0,1
16542.0,119.62,1,0,1
16545.0,339.3,1,0,1
16546.0,-95.93,3,0,1
16549.0,4154.64,10,0,1
16550.0,2266.25,9,0,1
16551.0,922.12,3,0,1
16552.0,379.73,2,0,1
16553.0,5664.57,14,2,1
16554.0,641.55,7,0,1
16555.0,285.89,2,0,1
16556.0,3313.79,7,0,1
16557.0,281.85,2,0,1
16558.0,8257.04,24,2,3
16560.0,816.51,3,0,1
16561.0,511.12,2,0,1
16563.0,1077.74,1,0,1
16565.0,173.7,1,0,1
16566.0,614.01,6,0,1
16567.0,865.6,2,0,1
16569.0,124.2,1,0,1
16570.0,3622.95,15,2,3
16571.0,1285.22,5,0,1
16572.0,999.7,4,0,1
16573.0,648.41,4,0,1
16574.0,451.44,1,0,1
16579.0,-30.599999999999998,1,0,1
16581.0,70.44,2,0,1
16582.0,313.62,1,0,1
16583.0,233.45,1,0,1
16584.0,908.03,3,0,1
16586.0,463.95,1,0,1
16587.0,225.15,1,0,1
16589.0,459.24,3,0,1
16591.0,213.5,1,0,1
16592.0,4073.28,19,2,3
16593.0,330.03,3,0,1
16594.0,181.09,1,0,1
16595.0,360.16,1,0,1
16596.0,250.15,2,0,1
16597.0,90.04,1,0,1
16598.0,140.7,2,0,1
16600.0,813.52,6,0,1
16601.0,244.79999999999998,1,0,1
16602.0,494.72999999999996,2,0,1
16603.0,482.47,2,0,1
16607.0,3038.67,16,2,3
16609.0,5450.96,9,0,1
16610.0,75.66,1,0,1
16611.0,120.99000000000001,2,0,1
16612.0,1187.66,4,0,1
16613.0,618.59,1,0,1
16614.0,506.19,1,0,1
16616.0,500.42,2,0,1
16617.0,151.85,1,0,1
16618.0,2630.64,6,0,1
16619.0,204.41,2,0,1
16620.0,178.96,2,0,1
16621.0,813.48,4,0,1
16623.0,129.45,1,0,1
16624.0,810.5699999999999,2,0,1
16625.0,333.08,1,0,1
16626.0,4379.65,20,2,3
16627.0,322.8,1,0,1
16628.0,2183.04,6,0,1
16629.0,417.73,2,0,1
16633.0,2878.15,7,0,1
16634.0,217.9,2,0,1
16637.0,1124.59,5,0,1
16638.0,1676.47,11,0,1
16639.0,1169.38,4,0,1
16641.0,231.10000000000002,1,0,1
16642.0,679.83,3,0,1
16643.0,487.51,1,0,1
16644.0,833.78,2,0,1
16647.0,214.06,2,0,1
16648.0,270.85999999999996,2,0,1
16650.0,518.42,1,0,1
16652.0,6654.26,11,2,1
16653.0,1166.92,3,0,1
16654.0,594.97,5,0,1
16655.0,3794.52,6,0,1
16656.0,8568.24,21,2,3
16657.0,933.62,4,0,1
16658.0,123.24,1,0,1
16659.0,39.12,1,0,1
16660.0,810.4499999999999,5,0,1
16665.0,135.39999999999998,1,0,1
16666.0,118.98,1,0,1
16667.0,570.13,2,0,1
16668.0,306.71999999999997,6,0,1
16669.0,1370.8700000000001,4,0,1
16670.0,4022.46,17,2,3
16671.0,1692.27,3,0,1
16672.0,8093.59,23,2,3
16674.0,319.61,2,0,1
16676.0,1558.72,5,0,1
16678.0,3013.83,17,2,3
16679.0,129.75,1,0,1
16680.0,183.7,1,0,1
16681.0,1770.34,6,0,1
16682.0,1028.0,5,0,1
16684.0,65892.08,31,1,0
16685.0,324.24,2,0,1
16686.0,3043.48,9,0,1
16688.0,1260.86,4,0,1
16689.0,303.26,3,0,1
16690.0,208.63,3,0,1
16692.0,1276.0,2,0,1
16693.0,482.01,2,0,1
16696.0,657.9000000000001,4,0,1
16697.0,112.75,1,0,1
16698.0,1998.0,2,0,1
16700.0,5040.0,17,2,3
16701.0,5150.2699999999995,18,2,3
16705.0,13946.130000000001,29,2,3
16706.0,531.35,3,0,1
16708.0,656.63,1,0,1
16709.0,3029.87,5,0,1
16710.0,2483.04,10,0,1
16711.0,1651.03,5,0,1
16712.0,3645.43,11,0,1
16713.0,6840.2300000000005,21,2,3
16714.0,911.53,4,0,1
16715.0,301.71999999999997,1,0,1
16716.0,319.8000000000001,3,0,1
16717.0,3278.36,9,0,1
16718.0,623.75,1,0,1
16719.0,1773.92,8,0,1
16720.0,155.24,1,0,1
16721.0,292.47,1,0,1
16722.0,4711.21,16,2,3
16723.0,589.15,2,0,1
16725.0,775.07,8,0,1
16726.0,1382.02,5,0,1
16727.0,272.82,1,0,1
16728.0,1054.67,4,0,1
16729.0,7076.28,26,2,3
16730.0,702.79,4,0,1
16732.0,603.75,1,0,1
16734.0,650.51,3,0,1
16735.0,2269.21,7,0,1
16737.0,417.59999999999997,1,0,1
16738.0,3.75,1,0,1
16739.0,312.55,2,0,1
16742.0,0.0,2,0,1
16743.0,2191.84,8,0,1
16744.0,1304.76,7,0,1
16745.0,7170.7,18,2,3
16746.0,6694.31,19,2,3
16747.0,826.96,4,0,1
16748.0,1515.9,5,0,1
16750.0,623.93,5,0,1
16751.0,1764.72,1,0,1
16752.0,207.5,1,0,1
16753.0,223.92000000000002,1,0,1
16754.0,2002.4,1,0,1
16755.0,1484.63,5,0,1
16756.0,239.4,1,0,1
16757.0,106.83000000000001,1,0,1
16758.0,369.34000000000003,1,0,1
16759.0,772.84,4,0,1
16761.0,316.62,1,0,1
16762.0,1501.38,3,0,1
16763.0,594.9,2,0,1
16764.0,2758.25,18,2,3
16765.0,34.0,1,0,1
16766.0,1145.6,2,0,1
16767.0,5580.6,11,0,1
16768.0,458.04,5,0,1
16769.0,380.39,1,0,1
16770.0,744.9,6,0,1
16771.0,2246.81,5,0,1
16773.0,171.59,1,0,1
16774.0,654.92,5,0,1
16775.0,1695.66,11,0,1
16776.0,388.28,1,0,1
16777.0,226.35,2,0,1
16778.0,245.94,2,0,1
16779.0,10454.05,28,2,3
16780.0,425.19,2,0,1
16781.0,294.65,2,0,1
16782.0,2242.25,19,2,3
16784.0,107.6,1,0,1
16788.0,597.48,2,0,1
16789.0,80.8,1,0,1
16790.0,1520.1200000000001,8,0,1
16791.0,1706.28,8,0,1
16792.0,110.38000000000001,2,0,1
16793.0,243.84,1,0,1
16794.0,1201.51,12,0,1
16795.0,414.88,1,0,1
16796.0,305.62,1,0,1
16800.0,1201.49,1,0,1
16801.0,867.83,5,0,1
16803.0,332.3,1,0,1
16804.0,536.99,3,0,1
16805.0,460.59,2,0,1
16806.0,801.49,4,0,1
16807.0,1121.59,3,0,1
16808.0,288.42,2,0,1
16809.0,912.74,6,0,1
16810.0,275.64,2,0,1
16811.0,547.07,2,0,1
16812.0,479.35,1,0,1
16813.0,1692.98,10,0,1
16814.0,6500.6,22,2,3
16816.0,417.06,4,0,1
16817.0,1446.95,13,0,1
16818.0,3317.97,13,2,1
16820.0,497.61,1,0,1
16823.0,358.38,1,0,1
16824.0,460.64,2,0,1
16825.0,775.1800000000001,2,0,1
16826.0,341.7,1,0,1
16828.0,128.5,2,0,1
16829.0,197.22,1,0,1
16830.0,325.91,1,0,1
16832.0,199.15,3,0,1
16833.0,1106.53,4,0,1
16834.0,413.46,1,0,1
16835.0,180.85,2,0,1
16836.0,251.87,2,0,1
16837.0,3167.73,12,0,1
16838.0,582.9,3,0,1
16839.0,15357.78,39,2,3
16841.0,1774.62,7,0,1
16842.0,1260.44,4,0,1
16843.0,10183.82,17,2,3
16846.0,214.32,1,0,1
16847.0,193.44,1,0,1
16848.0,281.42,1,0,1
16849.0,124.57,1,0,1
16850.0,332.41,1,0,1
16851.0,342.45,3,0,1
16852.0,144.91000000000003,2,0,1
16855.0,328.4,2,0,1
16856.0,35.400000000000006,1,0,1
16858.0,345.89000000000004,2,0,1
16859.0,473.14,5,0,1
16861.0,151.65,3,0,1
16863.0,481.35,4,0,1
16866.0,207.73999999999998,3,0,1
16869.0,805.62,5,0,1
16871.0,2761.4900000000002,7,0,1
16872.0,680.02,3,0,1
16873.0,7066.31,10,0,1
16875.0,2023.47,9,0,1
16877.0,853.72,6,0,1
16878.0,0.0,2,0,1
16880.0,1519.08,7,0,1
16881.0,432.0,1,0,1
16882.0,705.12,3,0,1
16883.0,276.73,2,0,1
16884.0,429.84000000000003,2,0,1
16885.0,471.51,3,0,1
16887.0,194.88,1,0,1
16889.0,1578.67,3,0,1
16891.0,809.7,5,0,1
16892.0,496.84000000000003,7,0,1
16893.0,145.93,1,0,1
16895.0,219.14,1,0,1
16897.0,213.03,3,0,1
16898.0,444.46,4,0,1
16899.0,1281.56,6,0,1
16900.0,187.6900000000001,5,0,1
16902.0,1706.88,1,0,1
16903.0,373.24,1,0,1
16904.0,3754.27,16,2,3
16905.0,3085.48,8,0,1
16906.0,579.77,4,0,1
16907.0,981.65,5,0,1
16909.0,364.14,2,0,1
16910.0,1510.06,8,0,1
16912.0,2528.67,14,2,1
16913.0,113.44,1,0,1
16914.0,208.46,1,0,1
16915.0,621.6800000000001,6,0,1
16916.0,576.26,2,0,1
16917.0,391.52,1,0,1
16918.0,1043.34,7,0,1
16919.0,2596.45,11,0,1
16921.0,169.79,1,0,1
16923.0,6666.83,26,2,3
16924.0,739.5,4,0,1
16926.0,230.25,1,0,1
16927.0,543.05,3,0,1
16928.0,2781.5,19,2,3
16929.0,1295.39,7,0,1
16930.0,380.55,3,0,1
16931.0,4604.22,21,2,3
16932.0,161.94,1,0,1
16933.0,530.08,5,0,1
16934.0,950.9300000000001,2,0,1
16936.0,262.68,1,0,1
16938.0,1903.13,5,0,1
16940.0,3049.88,3,0,1
16942.0,1894.11,10,0,1
16943.0,816.73,3,0,1
16945.0,4345.5,19,2,3
16947.0,406.48,1,0,1
16948.0,435.02,3,0,1
16949.0,1161.27,7,0,1
16950.0,1178.56,3,0,1
16951.0,1262.75,4,0,1
16952.0,167.61,2,0,1
16953.0,20.8,1,0,1
16954.0,2085.08,9,0,1
16955.0,493.67,5,0,1
16956.0,292.34,2,0,1
16957.0,416.64,2,0,1
16959.0,117.35000000000001,1,0,1
16960.0,507.05,3,0,1
16961.0,234.17,1,0,1
16963.0,110.55000000000001,1,0,1
16965.0,201.19,1,0,1
16966.0,2148.47,10,0,1
16967.0,319.02,1,0,1
16968.0,439.43,2,0,1
16969.0,650.41,3,0,1
16971.0,232.20999999999998,2,0,1
16976.0,251.51999999999998,1,0,1
16978.0,344.33,1,0,1
16979.0,1809.05,8,0,1
16980.0,1078.96,2,0,1
16982.0,384.06,1,0,1
16983.0,1920.2,8,0,1
16984.0,4392.42,5,0,1
16985.0,5461.62,11,0,1
16986.0,1873.2,2,0,1
16987.0,1625.05,7,0,1
16988.0,126.12,1,0,1
16989.0,1133.25,6,0,1
16990.0,179.0,1,0,1
16992.0,1601.8600000000001,6,0,1
16995.0,-1.25,1,0,1
16996.0,1427.46,9,0,1
16997.0,702.0,3,0,1
16998.0,287.02000000000004,6,0,1
16999.0,484.82,2,0,1
17001.0,3989.57,11,0,1
17002.0,1487.78,4,0,1
17004.0,1412.94,2,0,1
17006.0,781.78,4,0,1
17007.0,877.4300000000001,7,0,1
17010.0,185.46,2,0,1
17011.0,270.9,1,0,1
17014.0,565.58,4,0,1
17015.0,1842.56,3,0,1
17017.0,8574.11,27,2,3
17018.0,920.1,2,0,1
17019.0,1272.61,4,0,1
17022.0,71.0,1,0,1
17024.0,95.85,3,0,1
17025.0,357.77,3,0,1
17026.0,154.82999999999998,2,0,1
17027.0,848.59,7,0,1
17029.0,716.0,2,0,1
17030.0,146.87,1,0,1
17031.0,380.35,2,0,1
17033.0,1030.14,3,0,1
17034.0,734.5699999999999,4,0,1
17035.0,388.33,3,0,1
17037.0,1253.22,2,0,1
17038.0,112.4,1,0,1
17040.0,449.73,1,0,1
17041.0,1065.77,4,0,1
17042.0,1044.3799999999999,5,0,1
17043.0,1735.18,4,0,1
17044.0,897.4300000000001,3,0,1
17045.0,339.44,3,0,1
17046.0,642.02,1,0,1
17047.0,1100.9,3,0,1
17048.0,864.32,6,0,1
17049.0,5594.78,11,0,1
17050.0,3228.84,6,0,1
17051.0,247.14000000000001,1,0,1
17052.0,413.75,1,0,1
17053.0,496.38,2,0,1
17054.0,1353.83,6,0,1
17058.0,1179.89,3,0,1
17059.0,3095.04,5,0,1
17060.0,234.24,1,0,1
17061.0,5116.13,12,2,1
17062.0,534.47,5,0,1
17063.0,1421.59,11,0,1
17064.0,859.35,3,0,1
17065.0,-112.35,1,0,1
17068.0,4531.34,22,2,3
17069.0,2655.2200000000003,13,2,1
17070.0,312.14,1,0,1
17071.0,2385.48,14,2,1
17073.0,1446.09,4,0,1
17075.0,813.77,5,0,1
17076.0,841.0799999999999,3,0,1
17078.0,378.2,2,0,1
17079.0,118.80000000000001,1,0,1
17080.0,285.5,3,0,1
17081.0,290.16,2,0,1
17082.0,2003.85,2,0,1
17083.0,1405.78,3,0,1
17084.0,2949.75,2,0,1
17085.0,1555.05,6,0,1
17086.0,2050.08,6,0,1
17088.0,1991.01,4,0,1
17090.0,2041.8500000000001,8,0,1
17091.0,3802.81,10,0,1
17092.0,1777.78,4,0,1
17094.0,270.20000000000005,2,0,1
17095.0,1088.2,6,0,1
17096.0,992.6800000000001,7,0,1
17097.0,937.92,9,0,1
17100.0,971.74,2,0,1
17101.0,1621.73,4,0,1
17102.0,25.5,1,0,1
17105.0,665.78,2,0,1
17107.0,10380.43,7,0,3
17109.0,869.6800000000001,8,0,1
17110.0,163.29999999999998,1,0,1
17111.0,248.61,1,0,1
17114.0,747.22,10,0,1
17115.0,806.9000000000001,5,0,1
17117.0,116.19999999999999,1,0,1
17118.0,157.02,1,0,1
17119.0,593.61,3,0,1
17120.0,307.46,1,0,1
17122.0,138.32,1,0,1
17123.0,345.29999999999995,1,0,1
17124.0,298.89,1,0,1
17125.0,259.35,1,0,1
17126.0,991.85,7,0,1
17128.0,157.09,1,0,1
17131.0,2463.17,5,0,1
17133.0,4892.240000000001,7,0,1
17134.0,425.0,2,0,1
17135.0,1139.73,7,0,1
17138.0,380.5,1,0,1
17139.0,10585.57,15,2,3
17140.0,465.32,1,0,1
17142.0,579.0,1,0,1
17144.0,984.57,2,0,1
17146.0,749.78,3,0,1
17147.0,1679.64,6,0,1
17148.0,124.88,1,0,1
17152.0,1503.5,4,0,1
17153.0,213.78,1,0,1
17154.0,329.34,1,0,1
17155.0,251.70000000000002,2,0,1
17157.0,306.55,3,0,1
17158.0,1266.97,3,0,1
17159.0,1534.73,4,0,1
17160.0,3518.03,6,0,1
17162.0,1707.21,11,0,1
17163.0,293.1,2,0,1
17164.0,2466.4,8,0,1
17165.0,158.68,1,0,1
17166.0,189.49,3,0,1
17169.0,816.88,4,0,1
17171.0,224.91,1,0,1
17172.0,313.26,2,0,1
17173.0,3755.65,9,0,1
17174.0,59.9,1,0,1
17175.0,1430.94,5,0,1
17176.0,306.13,1,0,1
17179.0,711.79,3,0,1
17180.0,780.38,6,0,1
17181.0,239.92000000000002,2,0,1
17183.0,3286.9100000000003,8,0,1
17186.0,144.0,2,0,1
17187.0,203.95,1,0,1
17188.0,2275.58,9,0,1
17189.0,384.40000000000003,2,0,1
17190.0,249.74,3,0,1
17191.0,2095.13,7,0,1
17193.0,1674.46,9,0,1
17194.0,262.62,2,0,1
17197.0,1013.01,1,0,1
17198.0,692.22,3,0,1
17201.0,342.63,1,0,1
17203.0,3563.85,6,0,1
17204.0,1352.91,9,0,1
17205.0,384.08,1,0,1
17206.0,204.24,1,0,1
17211.0,2299.67,9,0,1
17212.0,226.85,1,0,1
17213.0,2741.08,11,0,1
17214.0,984.12,7,0,1
17217.0,113.5,1,0,1
17218.0,1960.72,10,0,1
17219.0,114.23,1,0,1
17220.0,3198.25,14,2,1
17221.0,335.13,2,0,1
17222.0,354.15,1,0,1
17223.0,426.79,2,0,1
17226.0,393.49,1,0,1
17227.0,939.32,6,0,1
17228.0,1906.09,8,0,1
17229.0,318.76,2,0,1
17230.0,3466.67,11,0,1
17231.0,3127.82,14,2,1
17232.0,421.52,2,0,1
17233.0,190.88,1,0,1
17234.0,149.89000000000001,1,0,1
17235.0,550.06,2,0,1
17236.0,916.13,6,0,1
17237.0,314.69,2,0,1
17238.0,3744.65,17,2,3
17239.0,379.95,2,0,1
17242.0,1135.04,2,0,1
17243.0,8628.55,30,2,3
17244.0,954.9,1,0,1
17245.0,171.45,1,0,1
17247.0,282.19,1,0,1
17248.0,318.65,1,0,1
17250.0,384.52,2,0,1
17251.0,283.28000000000003,1,0,1
17252.0,353.86,2,0,1
17253.0,178.26,1,0,1
17254.0,272.44,2,0,1
17255.0,298.41,2,0,1
17256.0,240.0,2,0,1
17259.0,603.37,2,0,1
17262.0,1253.3600000000001,5,0,1
17263.0,63.440000000000005,1,0,1
17265.0,562.9,2,0,1
17266.0,310.64,3,0,1
17267.0,317.62,2,0,1
17268.0,763.64,4,0,1
17272.0,2144.53,5,0,1
17274.0,111.97999999999999,1,0,1
17277.0,1065.3500000000001,2,0,1
17278.0,246.04,1,0,1
17279.0,187.82999999999998,1,0,1
17282.0,1703.41,3,0,1
17284.0,1641.68,7,0,1
17286.0,153.92,1,0,1
17287.0,1064.11,7,0,1
17288.0,1419.73,7,0,1
17289.0,936.16,4,0,1
17290.0,525.24,2,0,1
17291.0,550.8000000000001,1,0,1
17293.0,1875.1100000000001,9,0,1
17295.0,556.95,3,0,1
17297.0,131.78,1,0,1
17298.0,498.42,2,0,1
17299.0,669.11,4,0,1
17301.0,197.63,1,0,1
17302.0,1119.93,6,0,1
17303.0,250.04,1,0,1
17306.0,8600.73,21,2,3
17307.0,-152.64000000000001,1,0,1
17309.0,82.75,1,0,1
17311.0,1384.85,2,0,1
17312.0,644.3,3,0,1
17313.0,2288.13,2,0,1
17314.0,2514.76,11,0,1
17315.0,6204.46,43,2,3
17317.0,2524.02,5,0,1
17320.0,1200.6200000000001,3,0,1
17321.0,700.86,2,0,1
17323.0,908.99,9,0,1
17324.0,990.23,4,0,1
17325.0,96.8,1,0,1
17329.0,523.11,2,0,1
17330.0,363.9,2,0,1
17331.0,175.2,1,0,1
17333.0,494.25,1,0,1
17334.0,306.6,3,0,1
17337.0,1944.32,7,0,1
17338.0,6612.18,10,0,1
17339.0,243.36,2,0,1
17340.0,11891.18,16,2,3
17341.0,781.36,3,0,1
17343.0,193.64,1,0,1
17344.0,160.57,1,0,1
17345.0,537.74,4,0,1
17346.0,2611.58,16,2,3
17347.0,228.96,1,0,1
17348.0,1159.52,5,0,1
17349.0,110.75,1,0,1
17350.0,1256.19,5,0,1
17351.0,587.15,3,0,1
17353.0,1740.0,2,0,1
17354.0,1393.06,1,0,1
17356.0,178.22,1,0,1
17357.0,388.14,2,0,1
17358.0,365.85,2,0,1
17359.0,127.86,1,0,1
17360.0,585.79,3,0,1
17361.0,488.2,3,0,1
17362.0,312.23,2,0,1
17364.0,4455.73,12,2,1
17365.0,4801.56,8,0,1
17367.0,168.4,1,0,1
17368.0,1349.52,9,0,1
17370.0,446.18,4,0,1
17371.0,423.89,3,0,1
17372.0,1342.68,8,0,1
17373.0,646.92,4,0,1
17374.0,495.77,2,0,1
17375.0,372.5,4,0,1
17376.0,203.2,2,0,1
17377.0,3925.92,21,2,3
17379.0,404.66,1,0,1
17381.0,20272.43,30,2,3
17382.0,65.4,1,0,1
17383.0,199.29,1,0,1
17384.0,336.4,2,0,1
17385.0,261.11,1,0,1
17386.0,2686.42,6,0,1
17387.0,784.11,2,0,1
17388.0,1259.56,4,0,1
17389.0,31300.079999999998,43,2,3
17391.0,508.8,2,0,1
17392.0,457.91,2,0,1
17394.0,203.86999999999998,1,0,1
17396.0,7330.8,8,0,1
17397.0,696.41,2,0,1
17398.0,653.38,3,0,1
17400.0,2129.96,5,0,1
17402.0,2633.85,13,2,1
17403.0,281.62,1,0,1
17404.0,30300.82,18,2,3
17405.0,967.22,5,0,1
17406.0,1928.72,5,0,1
17408.0,32.65,1,0,1
17409.0,771.85,2,0,1
17410.0,1214.72,5,0,1
17411.0,748.94,4,0,1
17412.0,1258.06,7,0,1
17414.0,778.0,2,0,1
17415.0,507.84,1,0,1
17416.0,6838.34,9,0,1
17418.0,463.46000000000004,2,0,1
17419.0,4200.97,14,2,1
17420.0,598.83,3,0,1
17422.0,1853.1299999999999,10,0,1
17423.0,663.63,4,0,1
17425.0,759.17,2,0,1
17426.0,5022.26,7,0,1
17427.0,100.8,1,0,1
17428.0,17078.45,33,2,3
17429.0,512.12,4,0,1
17430.0,265.76,2,0,1
17431.0,403.3,1,0,1
17432.0,365.76,2,0,1
17433.0,303.15999999999997,1,0,1
17434.0,2333.42,9,0,1
17436.0,216.29999999999998,2,0,1
17438.0,378.3,2,0,1
17440.0,177.1,5,0,1
17442.0,2210.2599999999998,10,0,1
17443.0,534.24,1,0,1
17444.0,2940.04,3,0,1
17446.0,120.9,2,0,1
17447.0,541.53,2,0,1
17448.0,-4287.63,1,0,1
17449.0,2504.86,8,0,1
17450.0,187482.17,55,3,2
17451.0,1648.95,10,0,1
17453.0,486.71999999999997,2,0,1
17454.0,517.53,4,0,1
17455.0,131.7,1,0,1
17456.0,249.86,1,0,1
17457.0,1737.7,5,0,1
17458.0,316.5,1,0,1
17459.0,657.3,2,0,1
17460.0,452.63,8,0,1
17461.0,757.46,3,0,1
17462.0,662.94,3,0,1
17463.0,1881.36,6,0,1
17464.0,289.96000000000004,1,0,1
17466.0,763.28,2,0,1
17468.0,137.0,2,0,1
17469.0,1843.06,6,0,1
17470.0,1125.07,5,0,1
17472.0,710.29,3,0,1
17475.0,194.37,1,0,1
17480.0,506.51,2,0,1
17481.0,1249.34,5,0,1
17483.0,414.04,3,0,1
17486.0,396.87,1,0,1
17489.0,376.64,2,0,1
17490.0,1926.8799999999999,11,0,1
17491.0,3541.92,11,0,1
17492.0,374.57,1,0,1
17495.0,497.56,2,0,1
17496.0,271.05,1,0,1
17498.0,272.22,1,0,1
17499.0,622.88,1,0,1
17500.0,1138.0,3,0,1
17501.0,288.6,2,0,1
17502.0,689.1,4,0,1
17503.0,558.96,2,0,1
17504.0,2745.2799999999997,10,0,1
17505.0,1145.84,2,0,1
17506.0,294.29,2,0,1
17507.0,605.58,2,0,1
17508.0,387.31,1,0,1
17509.0,6100.74,11,0,1
17510.0,308.48,1,0,1
17511.0,88125.38,46,1,0
17512.0,2920.04,11,0,1
17513.0,513.2,1,0,1
17514.0,208.65,1,0,1
17515.0,639.02,4,0,1
17516.0,768.08,5,0,1
17517.0,153.94,1,0,1
17519.0,1839.07,7,0,1
17520.0,546.81,1,0,1
17521.0,721.9599999999999,4,0,1
17522.0,1070.71,5,0,1
17523.0,652.74,4,0,1
17524.0,145.0,1,0,1
17525.0,422.70000000000005,1,0,1
17526.0,706.7,8,0,1
17527.0,888.86,6,0,1
17528.0,3540.1,11,0,1
17530.0,2385.0,10,0,1
17531.0,293.45,2,0,1
17534.0,223.36,1,0,1
17535.0,164.4,1,0,1
17536.0,76.5,1,0,1
17537.0,897.62,2,0,1
17538.0,98.42,1,0,1
17540.0,570.4,3,0,1
17542.0,170.75,1,0,1
17545.0,645.96,3,0,1
17547.0,-11.8,1,0,1
17548.0,-141.48,3,0,1
17549.0,148.86,2,0,1
17550.0,267.16,3,0,1
17551.0,306.84,1,0,1
17552.0,909.96,6,0,1
17553.0,1487.6,1,0,1
17554.0,1952.45,5,0,1
17555.0,483.26,2,0,1
17556.0,157.9,1,0,1
17557.0,541.46,3,0,1
17560.0,854.95,5,0,1
17561.0,167.62,1,0,1
17562.0,1107.38,8,0,1
17564.0,454.01,3,0,1
17566.0,901.21,2,0,1
17567.0,4012.56,10,0,1
17569.0,344.14,1,0,1
17571.0,1498.51,4,0,1
17572.0,226.75000000000003,4,0,1
17573.0,362.9,4,0,1
17574.0,185.65,1,0,1
17576.0,3457.78,22,2,3
17578.0,124.74,2,0,1
17579.0,440.2,4,0,1
17580.0,215.72,3,0,1
17581.0,10736.11,31,2,3
17582.0,175.27,1,0,1
17584.0,1227.3,3,0,1
17585.0,1133.07,4,0,1
17588.0,1240.2,3,0,1
17589.0,2404.17,4,0,1
17590.0,1479.22,3,0,1
17591.0,2215.02,8,0,1
17593.0,3911.56,6,0,1
17594.0,993.18,2,0,1
17595.0,388.79,2,0,1
17596.0,2827.93,7,0,1
17597.0,2044.3700000000001,1,0,1
17600.0,161.67000000000002,1,0,1
17601.0,116.00999999999999,1,0,1
17602.0,5050.77,8,0,1
17603.0,-1165.3,5,0,1
17604.0,309.36,2,0,1
17608.0,193.42,2,0,1
17609.0,1103.92,6,0,1
17611.0,3947.87,19,2,3
17612.0,1992.76,10,0,1
17613.0,4509.37,17,2,3
17614.0,390.07,1,0,1
17615.0,329.6,3,0,1
17616.0,571.1999999999999,3,0,1
17618.0,971.58,3,0,1
17619.0,218.52,1,0,1
17620.0,81.44,1,0,1
17621.0,1336.1,4,0,1
17623.0,527.0500000000001,1,0,1
17624.0,843.48,2,0,1
17625.0,2047.0,4,0,1
17628.0,75.75,1,0,1
17629.0,1784.12,9,0,1
17630.0,503.59999999999997,2,0,1
17631.0,528.33,3,0,1
17633.0,1242.34,6,0,1
17634.0,2361.9700000000003,9,0,1
17636.0,265.93,2,0,1
17637.0,547.0600000000001,2,0,1
17639.0,108.5,1,0,1
17640.0,621.66,1,0,1
17642.0,712.29,2,0,1
17643.0,101.55,1,0,1
17644.0,2768.98,17,2,3
17646.0,995.6600000000001,4,0,1
17647.0,133.06,1,0,1
17648.0,1789.55,5,0,1
17649.0,861.74,2,0,1
17650.0,166.08,1,0,1
17651.0,3886.67,14,2,1
17652.0,4737.13,18,2,3
17653.0,1175.88,5,0,1
17654.0,117.55,1,0,1
17655.0,2571.7400000000002,8,0,1
17656.0,1674.69,5,0,1
17658.0,485.88,3,0,1
17659.0,2954.75,14,2,1
17660.0,196.0,1,0,1
17663.0,1788.27,9,0,1
17664.0,604.64,2,0,1
17666.0,728.16,2,0,1
17667.0,2055.51,5,0,1
17668.0,347.75,2,0,1
17669.0,3406.7200000000003,7,0,1
17670.0,205.7,1,0,1
17671.0,1284.08,6,0,1
17672.0,3106.62,4,0,1
17673.0,1622.22,7,0,1
17674.0,551.04,2,0,1
17675.0,20098.1,41,2,3
17676.0,1383.27,7,0,1
17677.0,16219.22,43,2,3
17678.0,298.11,1,0,1
17679.0,1992.1100000000001,2,0,1
17680.0,184.4,1,0,1
17682.0,2459.33,7,0,1
17684.0,239.41,1,0,1
17685.0,3191.53,7,0,1
17686.0,5739.46,7,0,1
17690.0,4748.45,16,2,3
17691.0,290.40000000000003,2,0,1
17692.0,733.4399999999999,5,0,1
17693.0,187.02,3,0,1
17694.0,283.12,1,0,1
17695.0,765.34,2,0,1
17696.0,2201.05,14,2,1
17697.0,338.95,1,0,1
17698.0,154.95,1,0,1
17700.0,2508.89,6,0,1
17701.0,417.95,1,0,1
17702.0,1719.72,6,0,1
17703.0,798.74,3,0,1
17704.0,885.19,2,0,1
17705.0,1781.12,10,0,1
17706.0,10097.37,22,2,3
17707.0,152.4,2,0,1
17708.0,267.08,2,0,1
17709.0,137.45,1,0,1
17711.0,385.1,2,0,1
17712.0,522.91,1,0,1
17714.0,153.0,1,0,1
17715.0,326.4,1,0,1
17716.0,5505.79,12,2,1
17718.0,139.35,1,0,1
17719.0,5367.8,18,2,3
17720.0,1195.94,4,0,1
17722.0,2380.64,6,0,1
17723.0,3276.4000000000005,6,0,1
17724.0,995.6500000000001,4,0,1
17725.0,3371.13,14,2,1
17727.0,1042.55,2,0,1
17728.0,2515.68,5,0,1
17730.0,5288.83,15,2,3
17731.0,878.2,5,0,1
17732.0,303.97,1,0,1
17733.0,692.19,2,0,1
17734.0,700.63,3,0,1
17735.0,13110.02,19,2,3
17736.0,337.49,4,0,1
17737.0,168.24,2,0,1
17738.0,1863.35,5,0,1
17739.0,2786.05,8,0,1
17742.0,355.11,2,0,1
17744.0,2291.08,7,0,1
17746.0,98.8,2,0,1
17747.0,64.65,2,0,1
17749.0,674.52,2,0,1
17750.0,1797.57,9,0,1
17752.0,80.64,1,0,1
17754.0,1739.92,6,0,1
17757.0,5585.49,31,2,3
17758.0,3456.7000000000003,8,0,1
17759.0,834.99,3,0,1
17760.0,287.59,2,0,1
17761.0,712.78,1,0,1
17763.0,15.0,1,0,1
17764.0,818.8199999999999,2,0,1
17765.0,371.88,3,0,1
17767.0,271.2,1,0,1
17768.0,2273.1800000000003,3,0,1
17769.0,3960.63,12,0,1
17770.0,1143.27,5,0,1
17771.0,245.81,2,0,1
17772.0,182.77,2,0,1
17774.0,1215.46,5,0,1
17775.0,56.4,1,0,1
17777.0,665.86,3,0,1
17779.0,642.17,5,0,1
17781.0,188.02,2,0,1
17783.0,283.47,2,0,1
17785.0,131.94,1,0,1
17786.0,278.74,2,0,1
17787.0,1865.19,4,0,1
17788.0,1117.9,2,0,1
17789.0,225.9,1,0,1
17790.0,1965.55,14,2,1
17791.0,106.1,1,0,1
17793.0,323.04,1,0,1
17795.0,350.39,2,0,1
17796.0,697.9,4,0,1
17797.0,780.43,3,0,1
17799.0,3026.08,11,0,1
17800.0,1199.01,9,0,1
17802.0,1251.84,4,0,1
17805.0,512.31,1,0,1
17806.0,546.04,1,0,1
17809.0,4627.62,15,2,3
17811.0,7677.71,51,2,3
17812.0,732.16,4,0,1
17813.0,1714.6,7,0,1
17816.0,36.56,4,0,1
17817.0,387.68,3,0,1
17819.0,3661.0699999999997,8,0,1
17820.0,-24.05,2,0,1
17824.0,298.4,1,0,1
17827.0,1995.46,5,0,1
17828.0,1599.97,9,0,1
17829.0,889.24,1,0,1
17830.0,398.7,3,0,1
17831.0,35.400000000000006,1,0,1
17832.0,155.37,1,0,1
17835.0,350.64,3,0,1
17836.0,110.21000000000001,1,0,1
17837.0,1560.53,10,0,1
17838.0,2312.7,6,0,1
17839.0,338.8,1,0,1
17841.0,40340.78,169,1,0
17843.0,205.48,1,0,1
17844.0,51.559999999999995,1,0,1
17846.0,2033.1,1,0,1
17848.0,901.1999999999999,9,0,1
17849.0,605.8000000000001,4,0,1
17850.0,5288.63,35,2,3
17852.0,114.34,2,0,1
17854.0,311.26,2,0,1
17855.0,208.97,1,0,1
17856.0,1393.79,6,0,1
17857.0,26763.34,25,2,3
17858.0,5155.66,12,2,1
17859.0,148.21,1,0,1
17860.0,252.8,1,0,1
17861.0,2059.2,9,0,1
17862.0,330.9,1,0,1
17863.0,3160.0,6,0,1
17864.0,597.5,3,0,1
17865.0,10158.54,27,2,3
17866.0,325.7,2,0,1
17867.0,622.75,8,0,1
17869.0,428.18,5,0,1
17870.0,1889.4,13,0,1
17871.0,155.9,1,0,1
17873.0,1764.3600000000001,6,0,1
17874.0,658.26,7,0,1
17877.0,237.61,1,0,1
17878.0,379.45,1,0,1
17879.0,178.51999999999998,1,0,1
17880.0,458.92,1,0,1
17881.0,133.35000000000002,1,0,1
17883.0,671.77,4,0,1
17884.0,717.45,4,0,1
17885.0,190.19,1,0,1
17886.0,899.61,3,0,1
17887.0,111.35,1,0,1
17888.0,525.78,10,0,1
17889.0,203.87,2,0,1
17890.0,602.09,2,0,1
17891.0,203.85999999999999,1,0,1
17892.0,244.1,3,0,1
17893.0,112.25,1,0,1
17894.0,1119.81,8,0,1
17895.0,98.0,1,0,1
17896.0,256.32,1,0,1
17897.0,541.1,4,0,1
17898.0,152.06,2,0,1
17899.0,155.8,1,0,1
17900.0,15.0,4,0,1
17901.0,110.38,1,0,1
17904.0,178.92,2,0,1
17905.0,800.24,4,0,1
17906.0,72.9,1,0,1
17908.0,243.28,1,0,1
17911.0,366.23,1,0,1
17912.0,295.61,6,0,1
17913.0,411.6,2,0,1
17914.0,336.43,1,0,1
17917.0,341.28,3,0,1
17919.0,1304.04,1,0,1
17920.0,4204.1,17,2,3
17921.0,826.52,4,0,1
17923.0,207.50000000000003,1,0,1
17924.0,2894.33,13,2,1
17925.0,244.08,1,0,1
17926.0,397.29,2,0,1
17928.0,212.54,2,0,1
17929.0,834.5,5,0,1
17930.0,1740.48,5,0,1
17931.0,408.36,2,0,1
17932.0,1331.57,3,0,1
17934.0,704.25,2,0,1
17935.0,145.79,2,0,1
17936.0,389.84,1,0,1
17937.0,4301.22,7,0,1
17939.0,99.14,1,0,1
17940.0,1983.5800000000002,14,2,1
17941.0,304.56,1,0,1
17942.0,77.50000000000001,1,0,1
17946.0,149.57999999999998,2,0,1
17947.0,176.68,1,0,1
17948.0,358.56000000000006,1,0,1
17949.0,52750.84,52,1,0
17950.0,472.12,4,0,1
17951.0,990.8400000000001,4,0,1
17954.0,2295.37,16,2,3
17955.0,557.3,4,0,1
17956.0,12.75,1,0,1
17957.0,111.68,1,0,1
17958.0,508.4599999999999,1,0,1
17960.0,73.78,1,0,1
17961.0,1296.44,39,2,3
17962.0,102.83,1,0,1
17964.0,471.7,2,0,1
17965.0,2622.57,14,2,1
17966.0,1098.43,5,0,1
17967.0,123.07,1,0,1
17968.0,277.35,1,0,1
17969.0,228.2,2,0,1
17970.0,582.59,1,0,1
17972.0,136.04,1,0,1
17973.0,337.04,1,0,1
17974.0,740.79,3,0,1
17975.0,4393.61,14,2,1
17976.0,353.19,1,0,1
17977.0,288.14,1,0,1
17978.0,300.91999999999996,1,0,1
17979.0,737.81,5,0,1
17980.0,811.45,3,0,1
17984.0,152.68,1,0,1
17985.0,634.95,1,0,1
17986.0,20.8,1,0,1
17987.0,198.57,1,0,1
17988.0,191.17000000000002,8,0,1
17990.0,630.84,3,0,1
17991.0,93.35,2,0,1
17994.0,629.6899999999999,6,0,1
17995.0,76.1,1,0,1
17997.0,1511.3,12,0,1
17999.0,382.06,2,0,1
18001.0,417.23,2,0,1
18004.0,169.47,1,0,1
18005.0,249.72,2,0,1
18006.0,444.68,1,0,1
18008.0,2116.19,9,0,1
18009.0,252.24,2,0,1
18010.0,174.8,1,0,1
18011.0,102.78999999999999,1,0,1
18013.0,187.29,2,0,1
18014.0,166.42,1,0,1
18015.0,120.03,1,0,1
18016.0,1483.56,5,0,1
18017.0,523.0,3,0,1
18018.0,122.14,2,0,1
18019.0,38.45,1,0,1
18022.0,668.11,1,0,1
18024.0,236.77999999999997,3,0,1
18027.0,115.31,1,0,1
18030.0,220.7,3,0,1
18032.0,73.5,1,0,1
18033.0,97.97,1,0,1
18034.0,422.88,2,0,1
18035.0,730.4,3,0,1
18036.0,405.62,3,0,1
18037.0,70.02,6,0,1
18040.0,357.20000000000005,2,0,1
18041.0,4161.14,22,2,3
18042.0,165.04999999999998,1,0,1
18043.0,559.51,3,0,1
18044.0,2085.65,11,0,1
18045.0,189.4,1,0,1
18048.0,172.29000000000002,2,0,1
18050.0,74.4,1,0,1
18053.0,297.07,2,0,1
18055.0,6752.14,11,2,1
18056.0,363.65,1,0,1
18058.0,170.16,1,0,1
18059.0,296.71,4,0,1
18061.0,2119.41,10,0,1
18062.0,720.52,3,0,1
18064.0,814.0,2,0,1
18065.0,2380.08,15,2,3
18066.0,318.0,1,0,1
18067.0,396.33,1,0,1
18068.0,101.69999999999999,1,0,1
18069.0,2021.82,7,0,1
18071.0,453.0,2,0,1
18072.0,-5.329070518200751e-15,2,0,1
18073.0,3864.44,13,2,1
18074.0,489.6,1,0,1
18075.0,2538.7200000000003,14,2,1
18077.0,2633.0099999999998,11,0,1
18078.0,336.13,2,0,1
18079.0,3651.97,4,0,1
18080.0,1231.5,2,0,1
18081.0,343.45,3,0,1
18082.0,703.37,1,0,1
18084.0,87.52999999999999,2,0,1
18085.0,689.95,2,0,1
18086.0,101.34,1,0,1
18087.0,3770.1199999999994,4,0,1
18088.0,167.67000000000002,1,0,1
18092.0,9065.76,12,2,3
18093.0,2083.42,5,0,1
18094.0,3017.3,7,0,1
18095.0,580.0500000000001,2,0,1
18096.0,911.15,3,0,1
18097.0,2692.85,7,0,1
18099.0,168.31,1,0,1
18101.0,223.65,2,0,1
18102.0,256438.49,62,3,2
18104.0,754.64,1,0,1
18105.0,113.48000000000002,1,0,1
18106.0,430.7,1,0,1
18108.0,264.65,2,0,1
18109.0,7925.32,31,2,3
18110.0,206.05,2,0,1
18112.0,352.69,2,0,1
18113.0,76.32000000000001,1,0,1
18114.0,220.1,1,0,1
18116.0,1418.03,8,0,1
18117.0,320.72,1,0,1
18118.0,5595.77,31,2,3
18119.0,181.12,1,0,1
18120.0,111.15,1,0,1
18121.0,673.1,2,0,1
18122.0,1826.21,6,0,1
18123.0,589.4399999999999,2,0,1
18125.0,1141.34,5,0,1
18126.0,206.82999999999998,1,0,1
18127.0,348.73,3,0,1
18129.0,112.55000000000001,1,0,1
18130.0,1045.74,4,0,1
18133.0,715.4999999999999,2,0,1
18135.0,681.9100000000001,5,0,1
18136.0,761.83,4,0,1
18138.0,152.65,1,0,1
18139.0,8393.22,8,0,1
18141.0,-35.400000000000006,1,0,1
18142.0,1014.9,4,0,1
18143.0,1000.16,2,0,1
18144.0,2888.75,12,0,1
18145.0,2861.55,4,0,1
18146.0,160.35000000000002,2,0,1
18147.0,179.33999999999997,2,0,1
18149.0,612.0799999999999,3,0,1
18150.0,566.58,3,0,1
18151.0,653.35,2,0,1
18154.0,399.19,2,0,1
18155.0,347.82,4,0,1
18156.0,734.94,2,0,1
18158.0,451.75,3,0,1
18159.0,530.15,1,0,1
18160.0,638.0600000000001,2,0,1
18161.0,1612.79,6,0,1
18164.0,394.7,2,0,1
18165.0,302.46000000000004,1,0,1
18167.0,1355.51,6,0,1
18168.0,1133.64,9,0,1
18169.0,202.65,1,0,1
18170.0,980.31,3,0,1
18171.0,1208.51,7,0,1
18172.0,7490.17,25,2,3
18173.0,2106.84,4,0,1
18174.0,104.0,1,0,1
18176.0,448.65,2,0,1
18177.0,1314.17,7,0,1
18178.0,1573.41,6,0,1
18179.0,1793.17,6,0,1
18180.0,1843.75,6,0,1
18181.0,382.8,1,0,1
18183.0,600.52,6,0,1
18184.0,49.8,1,0,1
18185.0,304.25,1,0,1
18188.0,1998.49,4,0,1
18189.0,1084.34,3,0,1
18190.0,274.51,3,0,1
18191.0,207.79999999999998,1,0,1
18192.0,957.97,1,0,1
18193.0,212.96,3,0,1
18194.0,896.0,2,0,1
18196.0,689.13,2,0,1
18198.0,5083.06,21,2,3
18200.0,163.8,1,0,1
18202.0,1396.99,3,0,1
18203.0,160.42000000000002,1,0,1
18204.0,1979.3,4,0,1
18205.0,517.36,2,0,1
18209.0,139.10000000000002,1,0,1
18210.0,2621.38,6,0,1
18211.0,600.07,5,0,1
18212.0,248.42,1,0,1
18213.0,232.48000000000002,1,0,1
18215.0,299.34000000000003,1,0,1
18216.0,481.75,1,0,1
18217.0,621.75,2,0,1
18218.0,626.38,4,0,1
18219.0,2019.77,11,0,1
18220.0,297.78000000000003,2,0,1
18221.0,1033.31,6,0,1
18222.0,443.0,1,0,1
18223.0,6315.2300000000005,27,2,3
18224.0,158.95000000000002,1,0,1
18225.0,5361.02,17,2,3
18226.0,5192.1,14,2,1
18227.0,93.75,1,0,1
18228.0,769.2,3,0,1
18229.0,7276.900000000001,20,2,3
18230.0,2716.6000000000004,10,0,1
18231.0,2066.17,6,0,1
18232.0,582.47,5,0,1
18233.0,440.0,1,0,1
18235.0,1796.48,3,0,1
18236.0,882.24,6,0,1
18237.0,987.1,5,0,1
18239.0,1561.6100000000001,5,0,1
18240.0,422.58,1,0,1
18241.0,2058.09,18,2,3
18242.0,2232.4900000000002,4,0,1
18245.0,2507.56,8,0,1
18246.0,596.1,2,0,1
18248.0,783.02,4,0,1
18249.0,95.34,1,0,1
18250.0,342.92,2,0,1
18251.0,4314.72,1,0,1
18252.0,526.67,2,0,1
18255.0,103.3,1,0,1
18256.0,-50.1,1,0,1
18257.0,2265.38,12,0,1
18259.0,2338.6000000000004,3,0,1
18260.0,2595.0,8,0,1
18261.0,324.24,2,0,1
18262.0,149.48,1,0,1
18263.0,1211.08,4,0,1
18265.0,801.51,2,0,1
18268.0,0.0,2,0,1
18269.0,138.9,2,0,1
18270.0,238.95000000000002,3,0,1
18272.0,3064.78,7,0,1
18273.0,204.0,3,0,1
18274.0,1.7763568394002505e-15,2,0,1
18276.0,323.36,3,0,1
18277.0,97.63,2,0,1
18278.0,173.9,1,0,1
18280.0,180.60000000000002,1,0,1
18281.0,80.82,1,0,1
18282.0,176.6,3,0,1
18283.0,2094.88,16,2,3
18287.0,1837.28,3,0,1
